{
  "pages/gift-certificate/balance": "{{#partial \"page\"}}\r\n<div class=\"container\">\r\n{{> components/common/breadcrumbs breadcrumbs=breadcrumbs}}\r\n<h1 class=\"page-heading\">{{lang 'gift_certificate.heading' }}</h1>\r\n{{> components/gift-certificate/navigation gift_page='balance'}}\r\n\r\n<main class=\"account account--fixed\">\r\n    <h3>{{lang 'gift_certificate.balance.heading'}}</h3>\r\n    <p>\r\n        <strong>{{lang 'gift_certificate.balance.intro' }}</strong>\r\n    </p>\r\n\r\n    {{#if gift_certificate}}\r\n        {{#if gift_certificate.error}}\r\n            {{> components/common/alert-error gift_certificate.error}}\r\n        {{else}}\r\n            <h1>{{gift_certificate.balance.formatted}}</h1>\r\n            <h3>{{gift_certificate.code}}</h3>\r\n        {{/if}}\r\n    {{/if}}\r\n\r\n    <form class=\"form form--oneField\" id=\"gift-certificate-balance\" method=\"get\">\r\n        <input type=\"hidden\" name=\"action\" value=\"balance\">\r\n        <div class=\"form-field\">\r\n            <label class=\"form-label\" for=\"giftcertificatecode\">\r\n                {{lang 'forms.gift_certificate.balance.code' }}\r\n            </label>\r\n            <div class=\"form-prefixPostfix wrap\">\r\n                <input class=\"form-input\" id=\"giftcertificatecode\" name=\"giftcertificatecode\">\r\n                <input type=\"submit\" class=\"button button--primary form-prefixPostfix-button--postfix\" value=\"{{lang 'forms.gift_certificate.balance.submit_value' }}\">\r\n            </div>\r\n        </div>\r\n    </form>\r\n</main>\r\n</div>\r\n{{/partial}}\r\n{{> layout/base}}\r\n",
  "components/common/breadcrumbs": "<ul class=\"breadcrumbs\" itemscope itemtype=\"http://schema.org/BreadcrumbList\">\r\n    {{#unless theme_settings.hide_breadcrumbs }}\r\n        {{#each breadcrumbs}}\r\n            <li class=\"breadcrumb {{#if @last}}is-active{{/if}}\" itemprop=\"itemListElement\" itemscope itemtype=\"http://schema.org/ListItem\">\r\n                {{#or @last (if url \"==\" null)}}\r\n                    <meta itemprop=\"item\" content=\"{{url}}\">\r\n                    <span class=\"breadcrumb-label\" itemprop=\"name\">{{name}}</span>\r\n                {{else}}\r\n                    <a href=\"{{url}}\" class=\"breadcrumb-label\" itemprop=\"item\"><span itemprop=\"name\">{{name}}</span></a>\r\n                {{/or}}\r\n                <meta itemprop=\"position\" content=\"{{add @index 1}}\" />\r\n            </li>\r\n        {{/each}}\r\n    {{/unless}}\r\n</ul>\r\n",
  "components/gift-certificate/navigation": "<nav class=\"navBar navBar--sub\">\r\n    <ul class=\"navBar-section account-navigation\">\r\n        {{#if gift_page '===' 'purchase'}}\r\n            <li class=\"navBar-item is-active\">\r\n                {{lang 'gift_certificate.purchase.heading'}}\r\n            </li>\r\n        {{else}}\r\n            <li class=\"navBar-item\">\r\n                <a class=\"navBar-action\" href=\"{{urls.gift_certificate.purchase}}\">\r\n                    {{lang 'gift_certificate.purchase.heading'}}\r\n                </a>\r\n            </li>\r\n        {{/if}}\r\n        {{#if gift_page '===' 'redeem'}}\r\n            <li class=\"navBar-item is-active\">\r\n                {{lang 'gift_certificate.redeem.heading'}}\r\n            </li>\r\n        {{else}}\r\n            <li class=\"navBar-item\">\r\n                <a class=\"navBar-action\" href=\"{{urls.gift_certificate.redeem}}\">\r\n                    {{lang 'gift_certificate.redeem.heading'}}\r\n                </a>\r\n            </li>\r\n        {{/if}}\r\n        {{#if gift_page '===' 'balance'}}\r\n            <li class=\"navBar-item is-active\">\r\n                {{lang 'gift_certificate.balance.heading'}}\r\n            </li>\r\n        {{else}}\r\n            <li class=\"navBar-item\">\r\n                <a class=\"navBar-action\" href=\"{{urls.gift_certificate.balance}}\">\r\n                    {{lang 'gift_certificate.balance.heading'}}\r\n                </a>\r\n            </li>\r\n        {{/if}}\r\n    </ul>\r\n</nav>\r\n",
  "components/common/alert-error": "<div class=\"alertBox alertBox--error\">\r\n    <div class=\"alertBox-column alertBox-icon\">\r\n        <icon glyph=\"ic-error\" class=\"icon\" aria-hidden=\"true\"><svg xmlns=\"http://www.w3.org/2000/svg\" width=\"24\" height=\"24\" viewBox=\"0 0 24 24\"><path d=\"M12 2C6.48 2 2 6.48 2 12s4.48 10 10 10 10-4.48 10-10S17.52 2 12 2zm1 15h-2v-2h2v2zm0-4h-2V7h2v6z\"></path></svg></icon>\r\n    </div>\r\n    <p class=\"alertBox-column alertBox-message\">\r\n        <span>{{{this}}}</span>\r\n    </p>\r\n</div>\r\n",
  "layout/base": "<!DOCTYPE html>\r\n<html class=\"no-js\" lang=\"{{ locale_name }}\">\r\n    <head>\r\n        <title>{{ head.title }}</title>\r\n        {{{ resourceHints }}}\r\n        {{{ head.meta_tags }}}\r\n        {{{ head.config }}}\r\n        {{#block \"head\"}} {{/block}}\r\n\r\n        <link href=\"{{ head.favicon }}\" rel=\"shortcut icon\">\r\n        <meta name=\"viewport\" content=\"width=device-width, initial-scale=1, maximum-scale=1\">\r\n\r\n        <script>\r\n            {{!-- Change document class from no-js to js so we can detect this in css --}}\r\n            document.documentElement.className = document.documentElement.className.replace('no-js', 'js');\r\n        </script>\r\n        {{!-- Load Lazysizes script ASAP so images will appear --}}\r\n        <script>\r\n            {{!-- Only load visible elements until the onload event fires, after which preload nearby elements. --}}\r\n            window.lazySizesConfig = window.lazySizesConfig || {};\r\n            window.lazySizesConfig.loadMode = 1;\r\n        </script>\r\n        <script async src=\"{{cdn 'assets/dist/theme-bundle.head_async.js'}}\"></script>\r\n\r\n        {{ getFontsCollection }}\r\n        {{{stylesheet '/assets/css/theme.css'}}}\r\n\t\t{{{stylesheet '/assets/css/store-custom-css.css'}}}\r\n\r\n        {{{head.scripts}}}\r\n\r\n        {{~inject 'themeSettings' theme_settings}}\r\n        {{~inject 'genericError' (lang 'common.generic_error')}}\r\n        {{~inject 'maintenanceMode' settings.maintenance}}\r\n        {{~inject 'urls' urls}}\r\n        {{~inject 'secureBaseUrl' settings.secure_base_url}}\r\n        {{~inject 'cartId' cart_id}}\r\n        {{~inject 'template' template}}\r\n        \r\n        {{#if page_type '===' 'product'}}\r\n            {{> components/common/facebook-like}}\r\n        {{else if page_type '===' 'blog' }}\r\n            {{> components/common/facebook-like}}\r\n        {{else if page_type '===' 'blog_post' }}\r\n            {{> components/common/facebook-like}}\r\n        {{/if}}\r\n\r\n        <script>\r\n            var theme_settings = {\r\n                show_fast_cart: {{theme_settings.show_fast_cart}},\r\n                linksPerCol: {{theme_settings.nav-links-per-col}},\r\n            };\r\n        </script>\r\n     \r\n        <!-- custom links -->\r\n\t\t<script src=\"{{cdn 'assets/jquery.min.js'}}\"></script>\r\n\t\t<meta name=\"google-site-verification\" content=\"Sa93nxtLEQ-ZlBilWMaDcnv_A4c_Yynu94hYOJr0H_k\" />\r\n\t\t<script src=\"https://kit.fontawesome.com/4a01e5c349.js\" crossorigin=\"anonymous\"></script>\r\n    </head>\r\n    <body>\r\n        <svg data-src=\"{{cdn 'img/icon-sprite.svg'}}\" class=\"icons-svg-sprite\"></svg>\r\n\r\n        {{> components/common/header }}\r\n        {{> components/common/body }}\r\n        {{> components/common/footer }}\r\n\t\t\r\n\t\t{{> store-custom/layout/base-script }}\r\n\r\n\r\n\t\t<!--  Contact Form iFrame Modals Script -->\t\r\n\t\t<div id=\"modal-iFrame-content\" class=\"modal\" data-reveal>\r\n            <div class=\"modal-header\">\r\n                <h2 class=\"modal-header-title\">Contact Form</h2>\r\n                <a href=\"#\" class=\"modal-close\" aria-label=\"{{lang 'common.close'}}\" role=\"button\">\r\n                <span aria-hidden=\"true\">&#215;</span>\r\n                </a>\r\n            </div>\r\n            <div class=\"modal-body\" style=\"text-align: center;\">\r\n\t\t\t\t<div class=\"loading-form\" style=\"display:none; text-align:center;\">Loading Form please wait...</div>\r\n                <div class=\"iFrame-box\"  style=\"max-width: 500px; display: inline-block;width: 100%;\">\r\n                    <iframe id=\"modal-iFrame-form\" class=\"iFrame-form\" src=\"\" width=\"100%\"  style=\" border: 0; transition: height 0.3s ease 0s; height: auto; display: none;\"></iframe>\r\n                </div>\r\n\t\t   </div>\r\n        </div>\t\r\n\t\t\r\n\t\t        <script>\r\n\t\t\t var _styleDoc =\"<style>@media only screen and (min-width: 30px){ \t\tfooter, header, .breadcrumbs ,.footer-newsletter, .page-heading, .page-heading + p ,  .page-heading + p +p , .page-heading + p +p + p { display:none!important; } body{padding-top:0!important; } .body{ margin-top: 0 !important;}   .form-label{ text-align:left; }  .form-row--half .form-field { width: 100%; } .form-field { width: 100%; } .g-recaptcha{ text-align:center; } .g-recaptcha > div { display:inline-block; }  .form-field { margin: 0 0 1rem; }  .body-style-desktop{ padding-top:0 !important; } .body-style-desktop-slim{ padding-top:0  !important;}#tidio-chat {display:none!important; }}</style>\"; \r\n\t\t\r\n\t\t\r\n            function inIframe () {\r\n                try {  return window.self !== window.top;} catch (e) { return true;}\r\n            }\r\n            \r\n            $(document).ready(function(){\r\n                if(inIframe() == true){\r\n                    $(this).contents().find('body').append(_styleDoc);\r\n                }\r\n               setTimeout(function(){\r\n                $('.popup_frame_sticky').css('top','0px');\r\n               },1500);\r\n\r\n               $('.close').on('click',function(){\r\n                    $('.popup_frame_sticky').css('top','-200%');\r\n               });\r\n\r\n            });\r\n        \r\n\t\t\r\n\t\t\tvar _scroll_once = 0;\r\n\t\t\tfunction Scrolldown() {window.scroll(0,1); }\r\n\t\t\twindow.onload = Scrolldown; \r\n            $(document).ready(function() {\r\n                // on-click\r\n                var f_eventAction = \".modal-iFrame-action\";\r\n                var f_contentBox = \".iFrame-box\";\r\n                var f_iframeBox = \"#modal-iFrame-form\";\r\n\t\t\t\tvar f_loadingForm = \".loading-form\";\r\n               \r\n                $(window).scroll(function(){\r\n\t\t\t\t\tif(_scroll_once ==0){\r\n\t\t\t\t\t\t_scroll_once=1;\r\n\t\t\t\t\t\t$( f_eventAction ).each(function(index) {\r\n\t\t\t\t\t\t\tif($(\"iframe#\" + $(this).attr('href').replace(/\\//g, \"\")).length <= 0){  \r\n\t\t\t\t\t\t\t\t$(f_iframeBox).clone().attr({'src':$(this).attr('href'),'id':$(this).attr('href').replace(/\\//g, \"\"),'title':$(this).text()}).appendTo(f_contentBox);\r\n\t\t\t\t\t\t\t}\r\n\t\t\t\t\t\t});\r\n\t\t\t\t\t}\r\n                });\r\n                                          \r\n                $(f_eventAction).click(function(){\r\n\t\t\t\t\t$('.iFrame-form').each(function(index) {  $(this).hide(); });\r\n\t\t\t\t\ts_iframeBox = \"iframe#\" + $(this).attr('href').replace(/\\//g, \"\");\r\n                    $(f_contentBox).hide();\r\n\t\t\t\t\t$(f_loadingForm).show();\r\n\t\t\t\t\t$(s_iframeBox).attr('src',$(this).attr('href'));\r\n\t\t\t\t\t$('#modal-iFrame-content .modal-header-title').text($(s_iframeBox).attr('title'));\r\n\r\n                    $(s_iframeBox).on( \"load\", function() {\r\n\t\t\t\t\t\t$(f_contentBox).show();\r\n\t\t\t\t\t\t$(this).show();\r\n\t\t\t\t\t\t$(this).height($(this).contents().height());\r\n\t\t\t\t\t\t$(this).contents().find('body').append(_styleDoc);\r\n\t\t\t\t\t\t$(f_contentBox).hide(); \r\n\t\t\t\t\t\t\r\n\t\t\t\t\t\t\r\n\t\t\t\t\t\tif( $(this).contents().find('#contact_sku').length > 0){  \r\n                                $(this).contents().find('#contact_sku').val(\"{{ product.sku }}\");\r\n                        }\r\n\t\t\t\t\t\t\r\n\t\t\t\t\t\tif( $(this).contents().find('.form-actions input').length > 0){\r\n                            $(this).contents().find('.form-actions input').bind( \"click\", function() {\r\n\t\t\t\t\t\t\t\t$(f_contentBox).hide();    \r\n                            }); \r\n                        }\r\n\t\t\t\t\t\t\t\t\t\t\t\t\t\r\n                        if( $(this).contents().find('#contact-us-success').length > 0){\r\n                            $(this).contents().find('#contact-us-success').html(\" We've received your request and will respond as soon as we can. <br> Thank you!\");\r\n                            $(s_iframeBox).height(\"auto\");\r\n\t\t\t\t\t\t\t$(f_loadingForm).hide();\r\n                            $(f_contentBox).fadeIn(\"normal\");\r\n                        }else{\r\n\t\t\t\t\t\t\t$(f_loadingForm).hide();\r\n                            $(f_contentBox).fadeIn(\"slow\");\r\n                        }\r\n                    });\r\n                });\r\n            });\r\n        </script>\r\n\r\n\t\t<!--  Contact Form iFrame Modals Script -->\t\r\n\t\t\r\n\t\t\r\n        <!-- custom-page-class -->\r\n        <script>\r\n            var pathname = window.location.pathname.replace(/\\//g, \"\"); \r\n            $('body').addClass(pathname+\"_css\");\r\n        </script>\r\n        <!-- custom-page-class -->\r\n        \r\n\r\n        <script>window.__webpack_public_path__ = \"{{cdn 'assets/dist/'}}\";</script>\r\n        <script src=\"{{cdn 'assets/dist/theme-bundle.main.js'}}\"></script>\r\n        <script>\r\n            {{!-- Exported in app.js --}}\r\n            window.stencilBootstrap(\"{{page_type}}\", {{jsContext}}).load();\r\n        </script>\r\n\r\n\r\n        {{{footer.scripts}}}\r\n    </body>\r\n</html>\r\n",
  "components/common/facebook-like": "<!-- partial pulled in to the base layout -->\r\n{{#any settings.add_this.buttons service='facebook_like'}}\r\n  <div id=\"fb-root\"></div>\r\n  <script>(function(d, s, id) {\r\n    var js, fjs = d.getElementsByTagName(s)[0];\r\n    if (d.getElementById(id)) return;\r\n    js = d.createElement(s); js.id = id;\r\n    js.src = \"//connect.facebook.net/en_US/sdk.js#xfbml=1&version=v2.5\";\r\n    fjs.parentNode.insertBefore(js, fjs);\r\n  }(document, 'script', 'facebook-jssdk'));</script>\r\n{{/any}}\r\n",
  "components/common/header": "<header class=\"header\" role=\"banner\">\r\n\r\n\t{{>  store-custom/components/common/header-top }}\t\r\n    \r\n    <a href=\"#\" class=\"mobileMenu-toggle\" data-mobile-menu-toggle=\"menu\">\r\n        <span class=\"mobileMenu-toggleIcon\"></span>\r\n    </a>\r\n\r\n    <div class=\"header-logo--wrap\">\r\n        <div class=\"header-logo {{#if theme_settings.logo_size '===' 'original'}}logo-full-size{{/if}}\">\r\n            \r\n            <div class=\"logo-and-toggle\">\r\n                <div class=\"desktopMenu-toggle\">\r\n                    <a href=\"javascript:void(0);\" class=\"mobileMenu-toggle\">\r\n                        <span class=\"mobileMenu-toggleIcon\"></span>\r\n                    </a>\r\n                </div>\r\n                \r\n                {{#if page_type '===' 'default'}}\r\n                    <h1 class=\"logo-wrap\">{{> components/common/store-logo}}</h1>\r\n                {{else}}\r\n                    <div class=\"logo-wrap\">{{> components/common/store-logo}}</div>\r\n                {{/if}}\r\n            </div>\r\n            \r\n            <div class=\"quickSearchWrap\" id=\"quickSearch\" aria-hidden=\"true\" tabindex=\"-1\" data-prevent-quick-search-close>\r\n                {{> components/common/quick-search}}\r\n            </div>\r\n            <div class=\"navUser-wrap\">\r\n                {{> components/common/navigation}}\r\n            </div>\r\n        </div>\r\n    </div>\r\n    {{{region name=\"header_bottom\"}}}\r\n    <div class=\"navPages-container\" id=\"menu\" data-menu style=\"padding-top:0 !important;\">\r\n        {{> store-custom/components/common/navigation-menu}}\r\n    </div>\r\n</header>\r\n{{#unless page_type '===' 'default'}}\r\n{{#if banners.top}}\r\n<div class=\"banners\" data-banner-location=\"top\">\r\n    {{#each (limit banners.top_metadata 1)}}\r\n    <div class=\"banner\" data-event-type=\"promotion\" data-entity-id=\"{{this.id}}\" data-name=\"{{this.banner-name}}\" data-position=\"{{this.location}}\" data-banner-id=\"{{this.banner-name}}\">\r\n        <div data-event-type=\"promotion-click\">\r\n            {{{this.content}}}\r\n        </div>\r\n    </div>\r\n    {{/each}}\r\n</div>\r\n{{/if}}\r\n\r\n{{/unless}}\r\n\r\n{{{region name=\"header_bottom\"}}}\r\n\r\n",
  "components/common/body": "<div class=\"body {{#if template_file '===' 'pages/home'}}home{{/if}}\" data-currency-code=\"{{currency_selector.active_currency_code}}\">\r\n    {{#block \"hero\"}} {{/block}}\r\n    {{#block \"page\"}} {{/block}}\r\n    {{#block \"hero-bottom\"}} {{/block}}\r\n    {{> components/common/modal}}\r\n    {{> components/common/alert-modal}}\r\n</div>\r\n",
  "components/common/footer": "{{#if banners.bottom}}\r\n    {{#if settings.data_tag_enabled}}\r\n        <div class=\"banners\" data-banner-location=\"bottom\">\r\n            {{#each (limit banners.bottom_metadata 1)}}\r\n                <div class=\"banner\" data-event-type=\"promotion\" data-entity-id=\"{{this.id}}\" data-name=\"{{this.banner-name}}\" data-position=\"{{this.location}}\" data-name=\"{{this.banner-name}}\">\r\n                    <div data-event-type=\"promotion-click\">\r\n                        {{{this.content}}}\r\n                    </div>\r\n                </div>\r\n            {{/each}}\r\n        </div>\r\n    {{else}}\r\n        <div class=\"banners\" data-banner-location=\"bottom\">\r\n            <div class=\"banner\">\r\n                {{{limit banners.bottom 1}}}\r\n            </div>\r\n        </div>\r\n    {{/if}}\r\n{{/if}}\r\n<div class=\"before-footer\">\r\n\t<div class=\"newsletter-footer\">\r\n\t\t {{#if settings.show_newsletter_box}}\r\n\t\t\t\t{{> store-custom/components/common/subscription-form}}\r\n\t\t{{/if}}\r\n\t</div>\r\n</div>\r\n\r\n                    \r\n<footer class=\"footer\" role=\"contentinfo\">\r\n    <div class=\"container\">\r\n        <section class=\"footer-info 4a616d6573\">\r\n\r\n\t\t<!-- <article class=\"footer-info-col footer-info-dropdown footer-info-col--small  is-open\" data-section-type=\"footer-webPages\">\r\n                <h5 class=\"footer-info-heading\">\r\n\t\t\t\t\tResources\r\n                    <i class=\"icon\" aria-hidden=\"true\">\r\n                        <svg><use xlink:href=\"#icon-downselector\" /></svg>\r\n                    </i>\r\n                </h5>\r\n\t\t\t\t<ul class=\"footer-info-list\">\r\n\r\n\t\t\t\t\t\t<li><a href=\"/about-patio-express.html\">About Poly Furniture</a></li>\r\n\t\t\t\t\t\t<li><a href=\"/product-care-and-maintenance.html\">Product Care & Maintenance</a></li>\r\n\t\t\t\t\t\t<li><a href=\"/faqs.html\">FAQs</a></li>\r\n\t\t\t\t<ul>\r\n            </article> -->\r\n\t\t\r\n\t\t\r\n\t\t\r\n\t\t\t\t<article class=\"footer-info-col footer-info-dropdown footer-info-col--small  is-open\" data-section-type=\"footer-webPages\">\r\n                <h5 class=\"footer-info-heading\">\r\n\t\t\t\t\tCustomer Care\r\n                    <i class=\"icon\" aria-hidden=\"true\">\r\n                        <svg><use xlink:href=\"#icon-downselector\" /></svg>\r\n                    </i>\r\n                </h5>\r\n\t\t\t\t<ul class=\"footer-info-list\">\r\n                    {{#each pages}}\r\n                        {{#or (if name '==' 'About Us') (if name '==' 'About CRP') (if name '==' 'Customer Feedback') (if name '==' 'Best Price Guarantee')}}\r\n                            <li><a href=\"{{url}}\">{{name}}</a></li>\r\n                        {{/or}}\r\n                    {{/each}}\r\n\t\t\t\t\t\t<li><a target=\"_blank\" class=\"return-scroll\" href=\"https://www.brandster.com/policies#shipping\">Shipping & Delivery</a></li>\r\n\t\t\t\t\t\t<li><a target=\"_blank\" class=\"return-scroll\" href=\"https://www.brandster.com/policies#returns\">Easy Returns</a></li>\r\n               \r\n\t\t\t\t<ul>\r\n            </article>\r\n\t\t\r\n\t\t\r\n\t\t\r\n\t\t\r\n\t\t\r\n\t\t\r\n\t\t <article class=\"footer-info-col footer-info-dropdown footer-info-col--small  is-open\" data-section-type=\"footer-webPages\">\r\n                <h5 class=\"footer-info-heading\">\r\n                    Our Support\r\n                    <i class=\"icon\" aria-hidden=\"true\">\r\n                        <svg><use xlink:href=\"#icon-downselector\" /></svg>\r\n                    </i>\r\n                </h5>\r\n                <ul class=\"footer-info-list\">\r\n                    \r\n                    <li>\r\n                        <a target=\"_blank\" class=\"return-scroll\" href=\"https://www.brandster.com/policies#returns\">Returns & Exchanges Policy</a>\r\n                    </li>\r\n                    <li>\r\n                        <a target=\"_blank\" class=\"shipping-scroll\" href=\"https://www.brandster.com/policies#shipping\">Shipping Policy</a>\r\n                    </li>\r\n                    {{#each pages}}\r\n                    {{#or (if name '==' 'Terms and Conditions') (if name '==' 'Privacy Policy') (if name '==' 'CRP Benefits')}}\r\n                        <li>\r\n                            <a href=\"{{url}}\">{{name}}</a>\r\n                        </li>\r\n                    {{/or}}\r\n                    {{/each}}\r\n                    \r\n                </ul>\r\n            </article>\t\t\r\n\t\t <article class=\"footer-info-col footer-info-dropdown footer-info-col--small  is-open\" data-section-type=\"footer-webPages\">\r\n                <h5 class=\"footer-info-heading\">\r\n                    My Account\r\n                    <i class=\"icon\" aria-hidden=\"true\">\r\n                        <svg><use xlink:href=\"#icon-downselector\" /></svg>\r\n                    </i>\r\n                </h5>\r\n                <ul class=\"footer-info-list\">\r\n                    \r\n                    <li>\r\n                        <a href=\"/account.php\">My Account</a>\r\n                    </li>\r\n                    <li>\r\n                        <a href=\"/account.php?action=order_status\">Order History</a>\r\n                    </li>\r\n                    <li>\r\n                        <a href=\"/cart.php\">My Cart</a>\r\n                    </li>\r\n                    <li>\r\n                        <a href=\"#\">Return</a>\r\n                    </li>\r\n                    \r\n                </ul>\r\n            </article>\r\n\t\t\r\n            <article class=\"footer-info-col footer-info-dropdown footer-info-col--small  is-open\" data-section-type=\"footer-categories\">\r\n                <h5 class=\"footer-info-heading\">\r\n                   Pro Services\r\n                    <i class=\"icon\" aria-hidden=\"true\">\r\n                        <svg><use xlink:href=\"#icon-downselector\" /></svg>\r\n                    </i>\r\n                </h5>\r\n\t\t\t\t<ul class=\"footer-info-list\">\r\n\t\t\t\t<li><a href=\"/crp-pro-services-account.html\">Sign Up Now</a></li>\r\n\t\t\t\t<ul>\r\n            </article>\r\n\t\t\r\n\t\t\r\n\t\t\r\n\t\t\r\n\t\t\r\n\t\t\r\n\t\t\r\n\t\t\r\n\t\t\r\n\t\t\r\n\t\t\r\n\t\t\r\n            <!-- Brands / Collections -->  \r\n\t\t\t\r\n\t\t\t<!-- Brands / Collections -->  \t\r\n            \r\n            {{#if theme_settings.social_icons_footer}}\r\n                <article class=\"footer-info-col footer-mobile-limited footer-info-col--small\" data-section-type=\"footer-webPages\">\r\n                    <h5 class=\"footer-info-heading\">{{lang 'social.connect'}}</h5>\r\n                    {{> components/common/social-links}}\r\n                </article>\r\n            {{/if}}\r\n            \r\n            \r\n      \r\n            {{#if theme_settings.social_icons_footer}}\r\n                <article class=\"footer-info-col footer-mobile-limited footer-info-col--small\" data-section-type=\"footer-webPages\">\r\n                    <h5 class=\"footer-info-heading\">{{lang 'social.connect'}}</h5>\r\n                    {{> components/common/social-links}}\r\n                </article>\r\n            {{/if}}\r\n    \r\n            {{#if settings.address}}\r\n              <!--\r\n                <article class=\"footer-info-col footer-mobile-limited footer-info-col--small\" data-section-type=\"storeInfo\">\r\n                  \r\n                    <h5 class=\"footer-info-heading footer-store-name\">{{settings.store_name}}</h5>\r\n                    <address>{{nl2br settings.address}}</address>\r\n                    {{#if settings.phone_number}}\r\n                        <div class=\"footer-info-phone\">\r\n                            <i class=\"icon\" aria-hidden=\"true\">\r\n                                <svg><use xlink:href=\"#icon-phone\" /></svg>\r\n                            </i>\r\n                            <a href=\"tel:{{settings.phone_number}}\">{{settings.phone_number}}</a>\r\n                        </div>\r\n                         \r\n                    {{/if}}   \r\n                 </article>   \r\n                    \r\n                    -->\r\n             {{/if}} \r\n                    \r\n                <!-- <article class=\"footer-info-col footer-info-dropdown footer-info-col--small\" data-section-type=\"footer-categories\">-->\r\n                <!--    <h5 class=\"footer-info-heading\">-->\r\n                <!--         Services-->\r\n                <!--        <i class=\"icon\" aria-hidden=\"true\">-->\r\n                <!--            <svg><use xlink:href=\"#icon-downselector\" /></svg>-->\r\n                <!--        </i>-->\r\n                <!--    </h5>-->\r\n                <!--     <ul class=\"footer-info-list\">-->\r\n                <!--        <li>-->\r\n                <!--           <a href=\"/pro-services/\" >Pro Services</a>-->\r\n                <!--        </li>-->\r\n                <!--        <li>-->\r\n                <!--           <a class=\"modal-iFrame-action\"  href=\"/design-services/\" data-reveal-id=\"modal-iFrame-content\">Design Services</a>-->\r\n                <!--        </li>-->\r\n                <!--        <li>-->\r\n                <!--           <a class=\"modal-iFrame-action\" href=\"/request-free-catalog-price-list/\" data-reveal-id=\"modal-iFrame-content\">Free Catalog Request</a>-->\r\n                <!--        </li>-->\r\n                <!--    </ul>   -->\r\n                <!--</article>  -->\r\n\r\n        </section>\r\n        {{#if theme_settings.geotrust_ssl_common_name}}\r\n            <div class=\"footer-geotrust-ssl-seal\">\r\n                {{> components/common/geotrust-ssl-seal}}\r\n            </div>\r\n        {{/if}}\r\n        \r\n        <div class=\"footer-copyright\">\r\n           \r\n            {{#if theme_settings.show_copyright_footer}}\r\n\t\t\t\t<p class=\"powered-by\"><span style=\"color: #5c5c5c;\">\r\n\t\t\t\t <!--{{settings.store_name}}--> Brandster Inc. &copy; {{moment format=\"YYYY\"}} All Rights Reserved. </p>\r\n            {{/if}}\r\n            \r\n            <!--<div class=\"certs-logos footer-payment-icons\" >\r\n                <img src=\"{{getImage image 'thumb_size' (cdn 'assets/img/footer/bbb-logo.png')}}\" />\r\n                <img src=\"{{getImage image 'thumb_size' (cdn 'assets/img/footer/shoppers-logo.png')}}\" />\r\n            </div>-->\r\n            \r\n            \r\n             {{> components/common/payment-icons}}\r\n        </div>\r\n        \r\n       \r\n            <!--<div class=\"footer-copyright\" style=\"font-size: 12px;\">\r\n               \r\n              \r\n\t\t\t\t{{>  store-custom/components/common/disclaimer }}\r\n                \r\n                {{#or theme_settings.show_powered_by theme_settings.show_built_by}}\r\n                \r\n                {{#if theme_settings.show_powered_by}}\r\n                    <p class=\"powered-by\">Powered by <a href=\"https://www.bigcommerce.com?utm_source=merchant&amp;utm_medium=poweredbyBC\" rel=\"nofollow\">BigCommerce</a></p>\r\n                {{/if}}\r\n                {{#if theme_settings.show_built_by}}\r\n                    <p class=\"powered-by\">Built by <a href=\"https://www.weizenyoung.com/\" rel=\"nofollow\">Weizen Young</a></p>\r\n                {{/if}}\r\n               {{/or}}\r\n            </div>-->\r\n     \r\n    </div>\r\n</footer>\r\n\r\n\r\n\r\n",
  "store-custom/layout/base-script": " <!-- sidebar filter tweak -->\r\n        <script>\r\n            var _styleSideBar = `\r\n                    <style>\r\n                        .categoryID-24 { display:none!important; }\r\n                        .fresh_filter .BlockContent ul { max-height: 100%; }\r\n                        /*\r\n                        .page-sidebar{ width:100%; }\r\n                        .page-content { width:100%; }\r\n                        .filter_form{ display: flex !important;}\r\n                        .fresh_filter .BlockContent ul { max-height: 100%; display: flex; }\r\n                         .fresh_filter .BlockContent ul li { margin:0px 5px; }\r\n                         */\r\n                    </style>\r\n                `;\r\n                \r\n            $(document).ready(function(){\r\n                $(this).contents().find('body').append(_styleSideBar);  \r\n            });  \r\n        </script>\r\n<!-- sidebar filter tweak -->\r\n",
  "store-custom/components/common/header-top": "  \r\n<div class=\"popup_frame_sticky\">\r\n  <span><b>Delay In Production & Limited Catalog Selection due to ongoing </b><span id=\"covid-19-top\"><b>COVID-19</b></span> <b>effects. Please contact us for full details before ordering if needed.</b></span>\r\n  <span class=\"close\">×</span>\r\n</div>\r\n  \r\n  <div id=\"gr-dropzone-header_top\" class=\"header-top\" style=\"background: rgba(215,215,215,0.6) !important;\">\r\n        <div class=\"left-align\"> \r\n          <p><b>FREE SHIPPING</b> on Orders Over $49!</p>\r\n        </div>\r\n       \r\n        <div class=\"right-align\">\r\n         <span class=\"header_top_phone\" style=\"font-weight:bold;font-size:1.2rem;\">SALES <a href=\"tel:+1-800-357-5044\">(800) 357-5044</a></span>\r\n         \r\n         <span class=\"header_top\">\r\n           {{#each pages}}\r\n           {{#if name '==' 'Contact Us'}}\r\n           <a href=\"{{url}}\" class=\"contact\">{{name}}</a> | \r\n           {{/if}}\r\n           {{#if name '==' 'About Us'}}\r\n           <a href=\"{{url}}\" class=\"about-us\">About Brandster</a> | \r\n           {{/if}}\r\n           {{#if name '==' 'Pro Services Account'}}\r\n           <a href=\"{{url}}\" class=\"Reviews\">Pro Services</a>\r\n           {{/if}}\r\n            {{/each}}\r\n        </span>\r\n         \r\n         \r\n         </div>\r\n      </div>        \r\n<div class=\"custom-header-top\">\r\n  <span><b style=\"font-weight:600 !important;\">Visit <a href=\"https://www.crpproducts.com\" style=\"text-decoration: underline;\">CRPLastics.com</a> For <a href=\"https://www.crpproducts.com\">Brand Website</a></b></span>\r\n</div>",
  "components/common/store-logo": "<a href=\"{{urls.home}}\">\r\n    {{#if settings.store_logo.image}}\r\n        <div class=\"header-logo-image-container\">\r\n            <img class=\"header-logo-image\" style=\"width:188px;\" src=\"{{getImage settings.store_logo.image}}\" alt=\"{{settings.store_logo.title}}\" title=\"{{settings.store_logo.title}}\">\r\n        </div>\r\n    {{else}}\r\n        <span class=\"header-logo-text\">{{settings.store_logo.title}}</span>\r\n    {{/if}}\r\n</a>\r\n",
  "components/common/quick-search": "<div>\r\n    {{{ snippet \"forms_search\"}}}\r\n    <form class=\"form\" action=\"{{urls.search}}\">\r\n        <fieldset class=\"form-fieldset\">\r\n            <div class=\"form-field\">\r\n                <label class=\"is-srOnly\" for=\"search_query\">{{lang \"search.quick_search.input_label\"}}</label>\r\n                <input class=\"form-input\" data-search-quick name=\"search_query\" id=\"search_query\" data-error-message=\"{{lang 'search.error.empty_field'}}\" placeholder=\"{{lang 'search.quick_search.input_placeholder'}}\" autocomplete=\"off\">\r\n                <button type=\"submit\" class=\"form-button\">\r\n                    <i class=\"icon\" aria-hidden=\"true\">\r\n                        <svg  style=\"color:#fff\" aria-hidden=\"true\" focusable=\"false\" role=\"presentation\" xmlns=\"http://www.w3.org/2000/svg\" width=\"20\" height=\"21\" viewBox=\"0 0 20 21\">\r\n  <path fill=\"currentColor\" fill-rule=\"evenodd\" d=\"M12.514 14.906a8.264 8.264 0 0 1-4.322 1.21C3.668 16.116 0 12.513 0 8.07 0 3.626 3.668.023 8.192.023c4.525 0 8.193 3.603 8.193 8.047 0 2.033-.769 3.89-2.035 5.307l4.999 5.552-1.775 1.597-5.06-5.62zm-4.322-.843c3.37 0 6.102-2.684 6.102-5.993 0-3.31-2.732-5.994-6.102-5.994S2.09 4.76 2.09 8.07c0 3.31 2.732 5.993 6.102 5.993z\"></path>\r\n</svg>\r\n                    </i>\r\n                </button>\r\n            </div>\r\n        </fieldset>\r\n    </form>\r\n    <section class=\"quickSearchResults\" data-bind=\"html: results\"></section>\r\n</div>\r\n",
  "components/common/navigation": "<style>\r\n.navUser:before, .navUser:after{display:none !important}\r\n</style>\r\n<nav class=\"navUser\">\r\n    <ul class=\"navUser-section navUser-section--alt\">\r\n        <!--<li class=\"navUser-item navUser-item--account\">\r\n            <i class=\"icon\" aria-hidden=\"true\">\r\n                <svg><use xlink:href=\"#icon-user\" /></svg>\r\n            </i>\r\n            {{#if customer}}\r\n                <a class=\"navUser-action\" href=\"{{urls.account.index}}\">{{lang 'common.account'}}</a> or\r\n                <a class=\"navUser-action\" href=\"{{urls.auth.logout}}\">{{lang 'common.logout'}}</a>\r\n            {{else}}\r\n                <a class=\"navUser-action\" href=\"{{urls.auth.login}}\">{{lang 'common.login'}}</a>\r\n                {{#if settings.account_creation_enabled}}\r\n                    <span>{{lang 'common.or'}}</span> <a class=\"navUser-action\" href=\"{{urls.auth.create_account}}\">{{lang 'common.sign_up'}}</a>\r\n                {{/if}}\r\n            {{/if}}\r\n        </li>-->\r\n        {{> components/common/currency-selector}}\r\n        <li class=\"navUser-item navUser-item--mobile-search\">\r\n            <i class=\"icon\" aria-hidden=\"true\">\r\n                <svg><use xlink:href=\"#icon-search\" /></svg>\r\n            </i>\r\n        </li>\r\n        <li class=\"navUser-item navUser-item--cart\">\r\n            <a\r\n                class=\"navUser-action\"\r\n                data-cart-preview\r\n                data-dropdown=\"cart-preview-dropdown\"\r\n                data-options=\"align:right\"\r\n                href=\"{{urls.cart}}\">\r\n                <i style=\"margin-right:8px;\" class=\"icon\" aria-hidden=\"true\">\r\n                  <svg aria-hidden=\"true\" focusable=\"false\" role=\"presentation\" width=\"28\" height=\"26\" viewBox=\"0 10 28 26\" xmlns=\"http://www.w3.org/2000/svg\">\r\n  <path fill=\"currentColor\" fill-rule=\"evenodd\" d=\"M26.15 14.488L6.977 13.59l-.666-2.661C6.159 10.37 5.704 10 5.127 10H1.213C.547 10 0 10.558 0 11.238c0 .68.547 1.238 1.213 1.238h2.974l3.337 13.249-.82 3.465c-.092.371 0 .774.212 1.053.243.31.576.465.94.465H22.72c.667 0 1.214-.558 1.214-1.239 0-.68-.547-1.238-1.214-1.238H9.434l.333-1.423 12.135-.589c.455-.03.85-.31 1.032-.712l4.247-9.286c.181-.34.151-.774-.06-1.144-.212-.34-.577-.589-.97-.589zM22.297 36c-1.256 0-2.275-1.04-2.275-2.321 0-1.282 1.019-2.322 2.275-2.322s2.275 1.04 2.275 2.322c0 1.281-1.02 2.321-2.275 2.321zM10.92 33.679C10.92 34.96 9.9 36 8.646 36 7.39 36 6.37 34.96 6.37 33.679c0-1.282 1.019-2.322 2.275-2.322s2.275 1.04 2.275 2.322z\"></path>\r\n</svg>\r\n                </i>\r\n                <span class=\"{{#if cart.items}} countPill--positive{{/if}} cart-quantity\">{{cart.quantity}}</span>\r\n\t\t\t\t<span class=\"navUser-item-cartLabel\">{{lang 'common.cart'}}</span>\r\n            </a>\r\n\r\n            <div class=\"dropdown-menu\" id=\"cart-preview-dropdown\" data-dropdown-content aria-hidden=\"true\"></div>\r\n        </li>\r\n    </ul>\r\n</nav>\r\n",
  "store-custom/components/common/navigation-menu": "<span class=\"mobile-closeNav\">\r\n    <i class=\"icon\" aria-hidden=\"true\">\r\n        <svg><use xlink:href=\"#icon-close-large\" /></svg>\r\n    </i>\r\n    close\r\n</span>\r\n<nav class=\"navPages\">\r\n    <ul class=\"navPages-list navPages-list--user 5765697a656e20596f756e67\">\r\n        {{#if customer}}\r\n            <li class=\"navPages-item\">\r\n                <i class=\"icon\" aria-hidden=\"true\">\r\n                    <svg><use xlink:href=\"#icon-user\" /></svg>\r\n                </i>\r\n                <a class=\"navPages-action has-subMenu\" href=\"{{urls.account.index}}\" data-collapsible=\"navPages-account\">\r\n                    {{lang 'common.account'}} <i class=\"icon navPages-action-moreIcon\" aria-hidden=\"true\"><svg><use xlink:href=\"#icon-chevron-down\" /></svg></i>\r\n                </a>\r\n                <div class=\"navPage-subMenu\" id=\"navPages-account\" aria-hidden=\"true\" tabindex=\"-1\">\r\n                    <ul class=\"navPage-subMenu-list\">\r\n                        <li class=\"navPage-subMenu-item\">\r\n                            <a class=\"navPage-subMenu-action navPages-action\" href=\"{{urls.account.orders.all}}\">{{lang 'account.nav.orders'}}</a>\r\n                        </li>\r\n                        {{#if settings.returns_enabled}}\r\n                            <li class=\"navPage-subMenu-item\">\r\n                                <a class=\"navPage-subMenu-action navPages-action\" href=\"{{urls.account.returns}}\">{{lang 'account.nav.returns'}}</a>\r\n                            </li>\r\n                        {{/if}}\r\n                        <li class=\"navPage-subMenu-item\">\r\n                            <a class=\"navPage-subMenu-action navPages-action\" href=\"{{urls.account.inbox}}\">{{lang 'account.mobile_nav.messages'}}</a>\r\n                        </li>\r\n                        <li class=\"navPage-subMenu-item\">\r\n                            <a class=\"navPage-subMenu-action navPages-action\" href=\"{{urls.account.addresses}}\">{{lang 'account.nav.addresses'}}</a>\r\n                        </li>\r\n                        {{#if settings.show_payment_methods}}\r\n                            <li class=\"navPage-subMenu-item\">\r\n                                <a class=\"navPage-subMenu-action navPages-action\" href=\"{{urls.account.payment_methods.all}}\">{{lang 'account.nav.payment_methods'}}</a>\r\n                            </li> \r\n                        {{/if}}\r\n                        <li class=\"navPage-subMenu-item\">\r\n                            <a class=\"navPage-subMenu-action navPages-action\" href=\"{{urls.account.wishlists.all}}\">{{lang 'account.mobile_nav.wishlists'}}</a>\r\n                        </li>\r\n                        <li class=\"navPage-subMenu-item\">\r\n                            <a class=\"navPage-subMenu-action navPages-action\" href=\"{{urls.account.recent_items}}\">{{lang 'account.nav.recently_viewed'}}</a>\r\n                        </li>\r\n                        <li class=\"navPage-subMenu-item\">\r\n                            <a class=\"navPage-subMenu-action navPages-action\" href=\"{{urls.account.details}}\">{{lang 'account.nav.settings'}}</a>\r\n                        </li>\r\n                    </ul>\r\n                </div>\r\n            </li>\r\n            <li class=\"navPages-item\">\r\n                <a class=\"navPages-action\" href=\"{{urls.auth.logout}}\">{{lang 'common.logout'}}</a>\r\n            </li>\r\n        {{else}}\r\n            <li class=\"navPages-item\">\r\n                <i class=\"icon\" aria-hidden=\"true\">\r\n                    <svg><use xlink:href=\"#icon-user\" /></svg>\r\n                </i>\r\n                <a class=\"navPages-action\" href=\"{{urls.auth.login}}\">{{lang 'common.login'}}</a>\r\n                {{#if settings.account_creation_enabled}}\r\n                    {{lang 'common.or'}} <a class=\"navPages-action\" href=\"{{urls.auth.create_account}}\">{{lang 'common.sign_up'}}</a>\r\n                {{/if}}\r\n            </li>\r\n        {{/if}}\r\n       \r\n    </ul>\r\n\t\r\n    <ul class=\"navPages-list navPages-mega navPages-mainNav\">\r\n\t\t    {{#each categories}}\r\n\t\t\t\t{{#if name '!=' 'Clearance Sale'}}\r\n\t\t\t\t\t{{#and (if name '!=' 'Outdoor') (if name '!=' 'New for 2020 Products')}}\r\n                    <li class=\"navPages-item\">\r\n\t\t\t\t\t\t{{> components/common/navigation-list}}\r\n\t\t\t\t\t</li>\r\n                    {{/and}}\r\n\t\t\t\t{{/if}}\r\n\t\t\t{{/each}}\r\n\t\t\r\n\t\t\r\n\r\n\t\t\r\n\t\t\r\n\t\t\r\n       {{#if theme_settings.show_content_navigation}}\r\n             {{#each pages}}\r\n                {{#or (if name '===' 'CONTRACT / PRO SERVICES') (if name '===' 'Sale') }}\r\n                    <li class=\"navPages-item{{#if @index '===' 0}} navPages-item--content-first{{/if}}\">\r\n                    {{#is name \"CONTRACT / PRO SERVICES\"}}\r\n                        <a class=\"navPages-action{{#if is_active}} activePage{{/if}}\" href=\"{{url}}\">Contract</a>\r\n                    {{else}}\r\n                        {{> components/common/navigation-list}}\r\n                    {{/is}}\r\n                     </li>\r\n                 {{/or}}\r\n             {{/each}}\r\n         {{/if}}  \r\n           \r\n\t\t    {{#each categories}}\r\n\t\t\t\t{{#if name '===' 'Clearance Sale'}}\r\n\t\t\t\t\t<li class=\"navPages-item\">\r\n\t\t\t\t\t\t{{> components/common/navigation-list}}\r\n\t\t\t\t\t</li>\r\n\t\t\t\t{{/if}}\r\n\t\t\t{{/each}}\r\n    </ul>\r\n\t\r\n\t\r\n\t\r\n\t\r\n\t\r\n\t\r\n\t\r\n    <!--<ul class=\"navPages-list navPages-mega navPages-mainNav-1\">\r\n\t\r\n       {{#if currency_selector.currencies.length '>' 1}}\r\n            <li class=\"navPages-item navPages-item--currency\">\r\n                <a class=\"navPages-action has-subMenu\" href=\"#\" data-collapsible=\"navPages-currency\" aria-controls=\"navPages-currency\" aria-expanded=\"false\">\r\n                    {{lang 'common.currency' code=currency_selector.active_currency_code}} <i class=\"icon navPages-action-moreIcon\" aria-hidden=\"true\"><svg><use xmlns:xlink=\"http://www.w3.org/1999/xlink\" xlink:href=\"#icon-chevron-down\"></use></svg></i>\r\n                </a>\r\n                <div class=\"navPage-subMenu\" id=\"navPages-currency\" aria-hidden=\"true\" tabindex=\"-1\">\r\n                    <ul class=\"navPage-subMenu-list\">\r\n                        {{#each currency_selector.currencies}}\r\n                        <li class=\"navPage-subMenu-item\">\r\n                            <a class=\"navPage-subMenu-action navPages-action\" href=\"{{{switch_url}}}\">\r\n                                {{#if is_active}}\r\n                                    <strong>{{name}}</strong>\r\n                                {{else}}\r\n                                    {{name}}\r\n                                {{/if}}\r\n                            </a>\r\n                        </li>\r\n                        {{/each}}\r\n                    </ul>\r\n                </div>\r\n            </li>\r\n        {{/if}}\r\n\t\r\n\t</ul>-->\r\n\t\r\n\t\r\n\t\r\n    <ul class=\"navPages-list navPages-list--user\">\r\n        {{#and settings.phone_number theme_settings.header-phone}}\r\n            <li class=\"navPages-item\">\r\n                <a class=\"navPages-action navUser-action--phone\" href=\"tel:{{settings.phone_number}}\"><i class=\"fa fa-phone\" aria-hidden=\"true\"></i>&nbsp;{{settings.phone_number}}</a>\r\n            </li>\r\n        {{/and}}\r\n        {{#if settings.gift_certificates_enabled}}\r\n            <li class=\"navPages-item\">\r\n                <a class=\"navPages-action\" href=\"{{urls.gift_certificate.purchase}}\">{{lang 'common.gift_cert'}}</a>\r\n            </li>\r\n        {{/if}}\r\n        {{#if customer.store_credit.value '>' 0}}\r\n            <li class=\"navPages-item\">\r\n                <a class=\"navPages-action navPages-action--storeCredit\">\r\n                    {{lang 'common.store_credit_overview' credit=customer.store_credit.formatted}}\r\n                </a>\r\n            </li>\r\n        {{/if}}\r\n        {{#if theme_settings.product_list_display_mode '==' 'list'}}\r\n            <li class=\"navPages-item\">\r\n                <a class=\"navPages-action navPages-action--compare\" href=\"{{urls.compare}}\" data-compare-nav>{{lang 'common.compare'}} <span class=\"countPill countPill--positive countPill--alt\"></span></a>\r\n            </li>\r\n        {{/if}}\r\n        {{#if theme_settings.social_icon_placement_top}}\r\n            <li class=\"navPages-item\">\r\n                {{> components/common/social-links}}\r\n            </li>\r\n        {{/if}}\r\n    </ul>\r\n</nav>\r\n",
  "components/common/modal": "<div id=\"modal\" class=\"modal\" data-reveal data-prevent-quick-search-close>\r\n    <a href=\"#\" class=\"modal-close\" aria-label=\"{{lang 'common.close'}}\" role=\"button\">\r\n        <span aria-hidden=\"true\">&#215;</span>\r\n    </a>\r\n    <div class=\"modal-content\"></div>\r\n    <div class=\"loadingOverlay\"></div>\r\n</div>\r\n",
  "components/common/alert-modal": "<div id=\"alert-modal\" class=\"modal modal--alert modal--small\" data-reveal data-prevent-quick-search-close>\r\n    <div class=\"swal2-icon swal2-error swal2-icon-show\"><span class=\"swal2-x-mark\"><span class=\"swal2-x-mark-line-left\"></span><span class=\"swal2-x-mark-line-right\"></span></span></div>\r\n\r\n    <div class=\"modal-content\"></div>\r\n\r\n    <div class=\"button-container\"><button type=\"button\" class=\"confirm button\" data-reveal-close>OK</button></div>\r\n</div>\r\n",
  "store-custom/components/common/subscription-form": "\r\n\r\n\r\n<div class=\"newsletter-header\">\r\n\t<h2>Your Inbox is Buzzing!</h2>\r\n\t<p>with Special Savings, Discounts <br>& New Products!</p>\r\n</div>\r\n<form class=\"form footer-newsletter\" action=\"{{urls.subscribe.action}}\" method=\"post\">\r\n\r\n    <fieldset class=\"form-fieldset\">\r\n        <input type=\"hidden\" name=\"action\" value=\"subscribe\">\r\n        <input type=\"hidden\" name=\"nl_first_name\" value=\"bc\">\r\n        <input type=\"hidden\" name=\"check\" value=\"1\">\r\n        <div class=\"form-field\">\r\n            <label class=\"form-label is-srOnly\" for=\"nl_email\">{{lang 'common.email_address'}}</label>\r\n            <div class=\"form-prefixPostfix wrap\">\r\n                <input class=\"form-input\" id=\"nl_email\" name=\"nl_email\" type=\"email\" value=\"{{customer.email}}\" placeholder=\"{{lang 'newsletter.email_placeholder'}}\">\r\n\t\t\t\t\r\n\t\t\t\t<button class=\"newsletter-btn\">Sign Up Now</button>\r\n            </div>\r\n        </div>\r\n    </fieldset>\r\n</form>\r\n",
  "components/common/geotrust-ssl-seal": "<table width=\"135\" border=\"0\" cellpadding=\"2\" cellspacing=\"0\" title=\"Click to Verify - This site chose GeoTrust SSL for secure e-commerce and confidential communications.\">\r\n    <tr>\r\n        <td width=\"135\" align=\"center\" valign=\"top\">\r\n            <script type=\"text/javascript\" src=\"https://seal.geotrust.com/getgeotrustsslseal?host_name={{theme_settings.geotrust_ssl_common_name}}&amp;size={{theme_settings.geotrust_ssl_seal_size}}&amp;lang={{locale_name}}\"></script><br />\r\n            <a href=\"http://www.geotrust.com/ssl/\" target=\"_blank\"  style=\"color:#000000; text-decoration:none; font:bold 7px verdana,sans-serif; letter-spacing:.5px; text-align:center; margin:0px; padding:0px;\"></a>\r\n        </td>\r\n    </tr>\r\n</table>\r\n",
  "components/common/payment-icons": "{{#with theme_settings}}\r\n    {{#or show_accept_amex show_accept_discover show_accept_mastercard show_accept_paypal show_accept_visa show_accept_amazonpay show_accept_googlepay}}\r\n    <div class=\"footer-payment-icons\">\r\n        {{#if show_accept_amex}}\r\n        <svg class=\"footer-payment-icon\"><use xlink:href=\"#icon-logo-american-express\"></use></svg>\r\n        {{/if}}\r\n        {{#if show_accept_discover}}\r\n        <svg class=\"footer-payment-icon\"><use xlink:href=\"#icon-logo-discover\"></use></svg>\r\n        {{/if}}\r\n        {{#if show_accept_mastercard}}\r\n        <svg class=\"footer-payment-icon\"><use xlink:href=\"#icon-logo-mastercard\"></use></svg>\r\n        {{/if}}\r\n        {{#if show_accept_paypal}}\r\n        <svg class=\"footer-payment-icon\"><use xlink:href=\"#icon-logo-paypal\"></use></svg>\r\n        {{/if}}\r\n        {{#if show_accept_visa}}\r\n        <svg class=\"footer-payment-icon\"><use xlink:href=\"#icon-logo-visa\"></use></svg>\r\n        {{/if}}\r\n        {{#if show_accept_amazonpay}}\r\n        <svg class=\"footer-payment-icon\"><use xlink:href=\"#icon-logo-amazonpay\"></use></svg>\r\n        {{/if}}\r\n        {{#if show_accept_googlepay}}\r\n        <svg class=\"footer-payment-icon\"><use xlink:href=\"#icon-logo-googlepay\"></use></svg>\r\n        {{/if}}\r\n        {{#if show_accept_applepay}}\r\n        <svg class=\"footer-payment-icon footer-payment-icon-apple\"><use xlink:href=\"#icon-logo-apple-pay\"></use></svg>\r\n        {{/if}}\r\n    </div>\r\n    {{/or}}\r\n{{/with}}\r\n",
  "store-custom/components/common/disclaimer": "                <div id=\"gr-dropzone-footer_disclaimer\" class=\"disclaimer\" >\r\n                    <h5 style=\"margin: 0 0 10px;text-align:left\" class=\"footer-info-heading\">IMPORTANT CUSTOMER SAFETY NOTICE:</h5>\r\n                    <div class=\"site-footer-block-content rte\">\r\n                        <p>A state licensed gas professional  is recommended on all gas appliance installations. Please consult a licensed gas professional BEFORE installing, adjusting, or repairing any Empire Comfort or gas related product.</p>\r\n\t\t\t\t   </div>\r\n                </div>        \r\n",
  "components/common/social-links": "{{#if social_media}}\r\n    <ul class=\"socialLinks socialLinks--alt\">\r\n        {{#each social_media}}\r\n            <li class=\"socialLinks-item\">\r\n                <a class=\"icon icon--{{display_name}}\" href=\"{{url}}\" target=\"_blank\">\r\n                    <svg><use xlink:href=\"#icon-{{display_name}}\" /></svg>\r\n                </a>\r\n            </li>\r\n        {{/each}}\r\n    </ul>\r\n{{/if}}\r\n",
  "components/common/currency-selector": "{{#if currency_selector.currencies.length '>' 1}}\r\n    <li class=\"navUser-item navUser-item-currency\">\r\n        <a class=\"navUser-action navUser-action--currencySelector has-dropdown\" href=\"#\" data-dropdown=\"currencySelection\" aria-controls=\"currencySelection\" aria-expanded=\"false\">{{lang 'common.currency' code=currency_selector.active_currency_code}} <i class=\"icon\" aria-hidden=\"true\"><svg><use xlink:href=\"#icon-downselector-small\" /></svg></i></a>\r\n        <ul class=\"dropdown-menu\" id=\"currencySelection\" data-dropdown-content aria-hidden=\"true\" tabindex=\"-1\">\r\n            {{#each currency_selector.currencies}}\r\n            <li class=\"dropdown-menu-item\">\r\n                <a href=\"{{{switch_url}}}\">\r\n                    {{#if is_active}}\r\n                    <strong>{{name}}</strong>\r\n                    {{else}}\r\n                    {{name}}\r\n                    {{/if}}\r\n                </a>\r\n            </li>\r\n            {{/each}}\r\n        </ul>\r\n    </li>\r\n{{/if}}\r\n",
  "components/common/navigation-list": "{{#if children}}\r\n{{#if name '===' 'Clearance Sale'}}\r\n<a class=\"navPages-action has-subMenu{{#if is_active}} activePage{{/if}} menu-parent\" href=\"{{url}}\" data-collapsible=\"navPages-{{id}}\"  style=\"color:#fff600\">\r\n    {{name}} <i class=\"icon navPages-action-moreIcon\" aria-hidden=\"true\"><svg><use xlink:href=\"#icon-chevron-down\" /></svg></i>\r\n</a>\r\n{{else}}\r\n\r\n<a class=\"navPages-action has-subMenu{{#if is_active}} activePage{{/if}} menu-parent\" href=\"{{url}}\" data-collapsible=\"navPages-{{id}}\">\r\n    {{name}} <i class=\"icon navPages-action-moreIcon\" aria-hidden=\"true\"><svg><use xlink:href=\"#icon-chevron-down\" /></svg></i>\r\n</a>\r\n{{/if}}\r\n<div class=\"column-menu navPage-subMenu\" id=\"navPages-{{id}}\" aria-hidden=\"true\" tabindex=\"-1\">\r\n    <ul class=\"navPage-subMenu-list\">\r\n        {{#each children}}\r\n            <li class=\"navPage-subMenu-item\">\r\n                <!--<i class=\"icon navPages-action-moreIcon\" aria-hidden=\"true\"><svg><use xlink:href=\"#icon-chevron-right\" /></svg></i>-->\r\n                <a class=\"navPage-subMenu-action navPages-action{{#if is_active}} activePage{{/if}} menu-child\" href=\"{{#if name '==' 'Bar'}}/breezesta-bar/bar-tables.html{{else if name '==' 'Counter'}}/breezestacounter/counter-tables.html{{else}}{{url}}{{/if}}\">{{name}}</a>\r\n                {{#if children}}\r\n                    <i class=\"icon navPages-action-moreIcon navPages-action-closed\" aria-hidden=\"true\"><svg><use xlink:href=\"#icon-plus\" /></svg></i>\r\n                    <i class=\"icon navPages-action-moreIcon navPages-action-open\" aria-hidden=\"true\"><svg><use xlink:href=\"#icon-minus\" /></svg></i>\r\n                {{/if}}\r\n                \r\n            \r\n            {{#if children}}\r\n\t\t\t<div class=\"childlistmenu\">\r\n\t\t\t\t<ul class=\"navPage-childList\" id=\"navPages-{{id}}\">\r\n\t\t\t\t\t{{#each children}}\r\n\t\t\t\t\t\t<li class=\"navPage-childList-item\">\r\n\t\t\t\t\t\t\t<a class=\"navPage-childList-action navPages-action{{#if is_active}} activePage{{/if}}\" href=\"{{url}}\">{{name}}</a>\r\n\t\t\t\t\t\t</li>\r\n\t\t\t\t\t{{/each}}\r\n\t\t\t\t</ul>\r\n\t\t\t</div>\r\n            {{/if}}\r\n\t\t\t</li>\r\n        {{/each}}\r\n    </ul>\r\n</div>\r\n{{else}}\r\n\r\n{{#if name '===' 'Clearance Sale'}}\r\n<a class=\"navPages-action{{#if is_active}} activePage{{/if}}\" href=\"{{url}}\" style=\"color:#fff600\">{{name}}</a>\r\n{{else}}\r\n\r\n<a class=\"navPages-action{{#if is_active}} activePage{{/if}}\" href=\"{{url}}\">{{name}}</a>\r\n{{/if}}\r\n{{/if}}\r\n"
}