{
  "store-custom/products/carousel": "<section class=\"productCarousel\"\r\n    data-list-name=\"{{list}}\"\r\n    data-slick='{\r\n        \"dots\": true,\r\n        \"infinite\": false,\r\n        \"mobileFirst\": true,\r\n        \"slidesToShow\": 2,\r\n        \"slidesToScroll\": 2,\r\n        \"responsive\": [\r\n            {\r\n                \"breakpoint\": 800,\r\n                \"settings\": {\r\n                    \"slidesToShow\": {{ columns }},\r\n                    \"slidesToScroll\": 3\r\n                }\r\n            },\r\n            {\r\n                \"breakpoint\": 481,\r\n                \"settings\": {\r\n                    \"slidesToShow\": 2,\r\n\t\t \"autoplay\": true,\r\n                    \"slidesToScroll\": 2\r\n                }\r\n            },\r\n            {\r\n                \"breakpoint\": 200,\r\n                \"settings\": {\r\n                    \"slidesToShow\": 1,\r\n\t\t \"autoplay\": true,\r\n                    \"slidesToScroll\": 1\r\n                }\r\n            } \r\n        ]\r\n    }'\r\n>\r\n    {{#each products}}\r\n    <div class=\"productCarousel-slide\">\r\n        {{> components/products/card settings=../settings theme_settings=../theme_settings customer=../customer event=\"list\" position=(add @index 1)}}\r\n    </div>\r\n    {{/each}}\r\n</section>\r\n",
  "components/products/card": "\r\n<article class=\"card {{#if alternate}}card--alternate{{/if}} {{#or price.non_sale_price_with_tax price.non_sale_price_without_tax}}has-sale-price{{/or}}\" {{#if settings.data_tag_enabled}} data-event-type=\"{{event}}\" data-entity-id=\"{{id}}\" data-position=\"{{position}}\" data-name=\"{{name}}\" data-product-category=\"{{#each category}}{{#if @last}}{{this}}{{else}}{{this}}, {{/if}}{{/each}}\" data-product-brand=\"{{brand.name}}\" data-product-price=\"{{#if price.with_tax}}{{price.with_tax.value}}{{else}}{{price.without_tax.value}}{{/if}}\"  {{/if}}>\r\n    <figure class=\"card-figure\">\r\n        {{#or price.non_sale_price_with_tax price.non_sale_price_without_tax}}\r\n            {{#if theme_settings.show_sale_badges}}\r\n                <div class=\"sale-flag-side\">\r\n                    <span class=\"sale-text\">Sale</span>\r\n                </div>\r\n            {{/if}}\r\n        {{/or}}\r\n        {{#if theme_settings.show-stock-badge}}\r\n            {{#if stock_level}}\r\n                {{#lte stock_level 5}}\r\n                    <div class=\"stock-badge\">\r\n                        <span class=\"stock-message\">Only {{stock_level}} left in stock</span>\r\n                    </div>\r\n                {{/lte}}\r\n            {{/if}}\r\n            {{#if out_of_stock_message}}\r\n                <div class=\"stock-badge\">\r\n                    <span class=\"stock-message\">{{out_of_stock_message}}</span>\r\n                </div>\r\n            {{/if}}\r\n        {{/if}}\r\n\r\n        {{#is stock_level 0}}\r\n            {{#unless out_of_stock_message}}\r\n                <div class=\"stock-badge\">\r\n                    <span class=\"stock-message\">Out of stock</span>\r\n                </div>\r\n            {{/unless}}\r\n        {{/is}}\r\n\r\n        <a href=\"{{url}}\" {{#if settings.data_tag_enabled}} data-event-type=\"product-click\" {{/if}}>\r\n            <div class=\"card-img-container\">\r\n                <img class=\"card-image lazyload\" data-sizes=\"auto\" src=\"{{cdn 'img/loading.svg'}}\" data-src=\"{{getImage image 'productgallery_size' (cdn theme_settings.default_image_product)}}\" alt=\"{{image.alt}}\" title=\"{{image.alt}}\">\r\n            </div>\r\n        </a>\r\n        \r\n    </figure>\r\n    <div class=\"card-body\">\r\n        <div>\r\n            <h4 class=\"card-title\">\r\n                <a href=\"{{url}}\" {{#if settings.data_tag_enabled}} data-event-type=\"product-click\" {{/if}}>{{name}}</a>\r\n            </h4><div class=\"card-text\" data-test-info-type=\"price\">\r\n                {{#or customer (if theme_settings.restrict_to_login '!==' true)}}\r\n                    {{> components/products/price price=price}}\r\n                {{else}}\r\n                    {{> components/common/login-for-pricing}}\r\n                {{/or}}\r\n            </div>\r\n            \r\n\r\n            {{#if theme_settings.card-show-brand}}\r\n                {{#if brand.name}}\r\n                    <p class=\"card-text brand-name\" data-test-info-type=\"brandName\">{{brand.name}}</p>\r\n                {{else}}\r\n                    <p></p>\r\n                {{/if}}\r\n            {{/if}}\r\n        </div>\r\n\r\n        <div class=\"card-details\">\r\n            {{#and rating show_rating}}\r\n                <p class=\"card-text\" data-test-info-type=\"productRating\">\r\n                    <span class=\"rating--small\">\r\n                        {{> components/products/ratings rating=rating}}\r\n                    </span>\r\n                </p>\r\n            {{/and}}\r\n            \r\n            {{> components/products/bulk-discount-rates}}\r\n        </div>\r\n    </div>\r\n\t{{#or theme_settings.show_product_quick_view show_cart_action show_compare}}\r\n            <figcaption class=\"card-figcaption\">\r\n                <div class=\"card-figcaption-body\">\r\n                    <div class=\"card-figcaption--action-buttons\">\r\n                    {{#or customer (if theme_settings.restrict_to_login '!==' true)}}\r\n                        {{#if show_cart_action}}\r\n                            {{#if has_options}}\r\n                                <a href=\"{{url}}\" data-event-type=\"product-click\" class=\"button button--small card-figcaption-button\" data-product-id=\"{{id}}\">{{lang 'products.choose_options'}}</a>\r\n                            {{/if}}\r\n                            {{#if pre_order}}\r\n                                <a href=\"{{pre_order_add_to_cart_url}}\" data-event-type=\"product-click\" class=\"button button--small card-figcaption-button\">{{lang 'products.pre_order'}}</a>\r\n                            {{/if}}\r\n                            {{#if add_to_cart_url }}\r\n                                <a href=\"{{add_to_cart_url}}\" data-event-type=\"product-click\" class=\"button button--small card-figcaption-button\">{{lang 'products.add_to_cart'}}</a>\r\n                            {{/if}}\r\n                            {{#if out_of_stock_message }}\r\n                                <a href=\"{{url}}\" data-event-type=\"product-click\" class=\"button button--small card-figcaption-button\" data-product-id=\"{{id}}\">{{out_of_stock_message}}</a>\r\n                            {{/if}}\r\n                        {{/if}}\r\n                    {{/or}}\r\n                    </div>\r\n                </div>\r\n            </figcaption>\r\n        {{/or}}\r\n</article>\r\n",
  "components/products/price": "{{!-- There are 2 code paths for generating the PDP pricing HTML determined by the following #and condition. \r\nIf a 'price_range' exists then we generate all HTML in price-range.html, otherwise it is defined here. Both code\r\npaths generate the same HTML structure with some differences in whether that element is displayed by default (css styling).\r\n\r\nIf you are making a change here or in price-range.html, you probably want to make that change in both files. --}}\r\n\r\n         <div  class=\"price-section price-section--saving price save-label\" {{#unless price.saved}}style=\"display: none;\"{{/unless}}>\r\n             <span style=\"\">Save</span>  <span style=\"\" data-product-price-saved class=\"price price--saving\">\r\n                     {{price.saved.formatted}}\r\n                </span> \r\n\t\t\t\t<div class=\"saveover\" style=\"display:none;\"></div>\r\n         </div>\r\n{{#and price.price_range (if theme_settings.price_ranges '==' true)}}\r\n    {{> components/products/price-range price=price schema_org=schema_org}}\r\n{{else}}\r\n    {{#if price.with_tax}}\r\n        <div class=\"price-section price-section--withTax\" {{#if schema_org}}itemprop=\"offers\" itemscope itemtype=\"http://schema.org/Offer\"{{/if}}>\r\n            <span class=\"price-section price-section--withTax non-sale-price--withTax\" {{#unless price.non_sale_price_with_tax}}style=\"display: none;\"{{/unless}}>\r\n                <span data-product-non-sale-price-with-tax class=\"price price--non-sale\">\r\n                    {{price.non_sale_price_with_tax.formatted}}\r\n                </span>\r\n            </span>\r\n            <span data-product-price-with-tax class=\"price\">{{price.with_tax.formatted}}</span>\r\n            {{#if price.rrp_with_tax}}\r\n                <span data-product-rrp-with-tax class=\"price price--rrp\"> {{price.rrp_with_tax.formatted}}</span>\r\n            {{/if}}\r\n            {{#if schema_org}}\r\n                <meta itemprop=\"availability\" itemtype=\"http://schema.org/ItemAvailability\" \r\n                \tcontent=\"http://schema.org/{{#if product.pre_order}}PreOrder{{else if product.out_of_stock}}OutOfStock{{else if product.can_purchase '===' false}}OutOfStock{{else}}InStock{{/if}}\">\r\n                <meta itemprop=\"itemCondition\" itemtype=\"http://schema.org/OfferItemCondition\" content=\"http://schema.org/{{product.condition}}Condition\">\r\n                <meta itemprop=\"priceCurrency\" content=\"{{currency_selector.active_currency_code}}\">\r\n                <meta itemprop=\"url\" content=\"{{product.url}}\">\r\n                <div itemprop=\"priceSpecification\" itemscope itemtype=\"http://schema.org/PriceSpecification\">\r\n                    <meta itemprop=\"price\" content=\"{{price.with_tax.value}}\">\r\n                    <meta itemprop=\"priceCurrency\" content=\"{{currency_selector.active_currency_code}}\">\r\n                    <meta itemprop=\"valueAddedTaxIncluded\" content=\"true\">\r\n                </div>\r\n            {{/if}}\r\n            {{#if price.without_tax}}\r\n                <abbr title=\"{{lang 'products.including_tax'}}\">{{lang 'products.price_with_tax' tax_label=price.tax_label}}</abbr>\r\n            {{/if}}\r\n        </div>\r\n    {{/if}}\r\n    {{#if price.without_tax}}\r\n        <div class=\"price-section price-section--withoutTax {{#if price.with_tax}}price-section--minor{{/if}}\"  {{#if schema_org}}itemprop=\"offers\" itemscope itemtype=\"http://schema.org/Offer\"{{/if}}>\r\n            <span class=\"price-section price-section--withoutTax non-sale-price--withoutTax{{#if price.with_tax}} price-section--minor{{/if}}\" {{#unless price.non_sale_price_without_tax}}style=\"display: none;\"{{/unless}}>\r\n                <span id=\"defprice\"  data-product-non-sale-price-without-tax class=\"price price--non-sale\">\r\n                    {{price.non_sale_price_without_tax.formatted}}\r\n                </span>\r\n            </span>\r\n            <span  id=\"saleprice\" data-product-price-without-tax class=\"price price--withoutTax\">{{price.without_tax.formatted}}</span>\r\n            {{#if price.rrp_with_tax}}\r\n                <span data-product-rrp-without-tax class=\"price price--rrp\">{{price.rrp_without_tax.formatted}}</span>\r\n            {{/if}}\r\n            {{#if schema_org}}\r\n                <meta itemprop=\"availability\" itemtype=\"http://schema.org/ItemAvailability\"\r\n                    content=\"http://schema.org/{{#if product.pre_order}}PreOrder{{else if product.out_of_stock}}OutOfStock{{else if product.can_purchase '===' false}}OutOfStock{{else}}InStock{{/if}}\">\r\n                <meta itemprop=\"itemCondition\" itemtype=\"http://schema.org/OfferItemCondition\" content=\"http://schema.org/{{product.condition}}Condition\">\r\n                <meta itemprop=\"priceCurrency\" content=\"{{currency_selector.active_currency_code}}\">\r\n                <meta itemprop=\"url\" content=\"{{product.url}}\">\r\n                <div itemprop=\"priceSpecification\" itemscope itemtype=\"http://schema.org/PriceSpecification\">\r\n                    <meta itemprop=\"price\" content=\"{{price.without_tax.value}}\">\r\n                    <meta itemprop=\"priceCurrency\" content=\"{{currency_selector.active_currency_code}}\">\r\n                    <meta itemprop=\"valueAddedTaxIncluded\" content=\"false\">\r\n                </div>\r\n            {{/if}}\r\n            {{#if price.with_tax}}\r\n                <abbr title=\"{{lang 'products.excluding_tax'}}\">{{lang 'products.price_without_tax' tax_label=price.tax_label}}</abbr>\r\n            {{/if}}\r\n        </div>\r\n    {{/if}}\r\n{{/and}}\r\n",
  "components/common/login-for-pricing": "<p translate>Log in for pricing</p>\r\n",
  "components/products/ratings": "{{#for 1 5}}\r\n    {{#if ../this.rating '>=' $index}}\r\n        <span class=\"icon icon--ratingFull\">\r\n            <svg>\r\n                <use xlink:href=\"#icon-star\" />\r\n            </svg>\r\n        </span>\r\n    {{else}}\r\n        <span class=\"icon icon--ratingEmpty\">\r\n            <svg>\r\n                <use xlink:href=\"#icon-star\" />\r\n            </svg>\r\n        </span>\r\n    {{/if}}\r\n{{/for}}\r\n",
  "components/products/bulk-discount-rates": "{{#if bulk_discount_rates.length}}\r\n    <div class=\"productView-info-bulkPricing\">\r\n        {{#if product}}<dt class=\"productView-info-bulkPricing-name\">{{lang 'products.bulk_pricing.title'}}</dt>{{/if}}\r\n        <dd class=\"productView-info-value\">\r\n            <p>{{lang 'products.bulk_pricing.instructions'}}</p>\r\n            <ul>\r\n                {{#each bulk_discount_rates}}\r\n                <li>\r\n                    {{lang 'products.bulk_pricing.range' min=min max=max}}\r\n                    {{#if type '===' 'percent'}}\r\n                    {{lang 'products.bulk_pricing.percent' discount=discount.formatted}}\r\n                    {{else if type '===' 'fixed'}}\r\n                    {{lang 'products.bulk_pricing.fixed' discount=discount.formatted}}\r\n                    {{else if type '===' 'price'}}\r\n                    {{lang 'products.bulk_pricing.price' discount=discount.formatted}}\r\n                    {{/if}}\r\n                </li>\r\n                {{/each}}\r\n            </ul>\r\n        </dd>\r\n    </div>\r\n{{/if}}\r\n",
  "components/products/price-range": "{{#and price.retail_price_range.min.with_tax price.retail_price_range.max.with_tax}}\r\n    <div class=\"price-section price-section--withTax rrp-price--withTax\">\r\n        {{theme_settings.pdp-retail-price-label}}\r\n        <span data-product-rrp-price-with-tax class=\"price price--rrp\">{{price.retail_price_range.min.with_tax.formatted}} - {{price.retail_price_range.max.with_tax.formatted}}</span>\r\n    </div>\r\n{{else}}\r\n    {{#if price.with_tax}}\r\n        <div class=\"price-section price-section--withTax rrp-price--withTax\" style=\"display: none;\">\r\n            {{theme_settings.pdp-retail-price-label}}\r\n            <span data-product-rrp-with-tax class=\"price price--rrp\">\r\n                {{price.rrp_with_tax.formatted}}\r\n            </span>\r\n        </div>\r\n    {{/if}}\r\n{{/and}}\r\n{{#and price.price_range.min.with_tax price.price_range.max.with_tax}}\r\n    {{!-- Never display the \"non-sales price\" if there is a price range to be shown, but we do want the element on the page --}}\r\n    <div class=\"price-section price-section--withTax non-sale-price--withTax\" style=\"display: none;\">\r\n        {{theme_settings.pdp-non-sale-price-label}}\r\n        <span data-product-non-sale-price-with-tax class=\"price price--non-sale\">\r\n            {{price.non_sale_price_with_tax.formatted}}\r\n        </span>\r\n    </div>\r\n    <div class=\"price-section price-section--withTax\" {{#if schema_org}}itemprop=\"offers\" itemscope itemtype=\"http://schema.org/Offer\"{{/if}}>\r\n        <span class=\"price-label\">{{theme_settings.pdp-price-label}}</span>\r\n        <span class=\"price-now-label\" style=\"display: none;\">{{theme_settings.pdp-sale-price-label}}</span>\r\n        <span data-product-price-with-tax class=\"price price--withTax\">{{price.price_range.min.with_tax.formatted}} - {{price.price_range.max.with_tax.formatted}}</span>\r\n        {{#and price.price_range.min.without_tax price.price_range.max.without_tax}}\r\n            <abbr title=\"{{lang 'products.including_tax'}}\">{{lang 'products.price_with_tax' tax_label=price.price_range.min.tax_label}}</abbr>\r\n        {{/and}}\r\n        {{#if schema_org}}\r\n            <meta itemprop=\"availability\" itemtype=\"http://schema.org/ItemAvailability\"\r\n                    content=\"http://schema.org/{{#if product.pre_order}}PreOrder{{else if product.out_of_stock}}OutOfStock{{else if product.can_purchase '===' false}}OutOfStock{{else}}InStock{{/if}}\">\r\n            <meta itemprop=\"itemCondition\" itemtype=\"http://schema.org/OfferItemCondition\" content=\"http://schema.org/{{product.condition}}Condition\">\r\n            <meta itemprop=\"priceCurrency\" content=\"{{currency_selector.active_currency_code}}\">\r\n            <meta itemprop=\"url\" content=\"{{product.url}}\">\r\n            <div itemprop=\"priceSpecification\" itemscope itemtype=\"http://schema.org/PriceSpecification\">\r\n                <meta itemprop=\"minPrice\" content=\"{{price_range.min.with_tax.value}}\"  />\r\n                <meta itemprop=\"price\" content=\"{{price_range.min.with_tax.value}}\">\r\n                <meta itemprop=\"maxPrice\" content=\"{{price_range.max.with_tax.value}}\"  />\r\n                <meta itemprop=\"priceCurrency\" content=\"{{currency_selector.active_currency_code}}\">\r\n                <meta itemprop=\"valueAddedTaxIncluded\" content=\"true\">\r\n            </div>\r\n        {{/if}}\r\n    </div>\r\n{{/and}}\r\n{{#and price.price_range.min.without_tax price.price_range.max.without_tax}}\r\n    {{!-- Never display the \"non-sales price\" if there is a price range to be shown, but we do want the element on the page --}}\r\n    <div class=\"price-section price-section--withoutTax non-sale-price--withoutTax{{#if price.with_tax}} price-section--minor{{/if}} style=\"disply:block\">\r\n        {{theme_settings.pdp-non-sale-price-label}}\r\n        <span  id=\"defprice\"  data-product-non-sale-price-without-tax class=\"price price--non-sale\">\r\n            {{price.non_sale_price_without_tax.formatted}}\r\n        </span>\r\n    </div>\r\n    <div class=\"price-section price-section--withoutTax{{#and price_range.min.with_tax price_range.max.with_tax}} price-section--minor{{/and}}\" {{#if schema_org}}itemprop=\"offers\" itemscope itemtype=\"http://schema.org/Offer\"{{/if}}>\r\n        <span class=\"price-label\">{{theme_settings.pdp-price-label}}</span>\r\n        <span class=\"price-now-label\" style=\"display: none;\">{{theme_settings.pdp-sale-price-label}}</span>\r\n        <span  id=\"saleprice\"  data-product-price-without-tax class=\"price price--withoutTax\">{{price.price_range.min.without_tax.formatted}}</span>\r\n        {{#and price.price_range.min.with_tax price.price_range.max.with_tax}}\r\n            <abbr title=\"{{lang 'products.excluding_tax'}}\">{{lang 'products.price_without_tax' tax_label=price.price_range.min.tax_label}}</abbr>\r\n        {{/and}}\r\n        {{#if schema_org}}\r\n            <meta itemprop=\"availability\" itemtype=\"http://schema.org/ItemAvailability\"\r\n                    content=\"http://schema.org/{{#if product.pre_order}}PreOrder{{else if product.out_of_stock}}OutOfStock{{else if product.can_purchase '===' false}}OutOfStock{{else}}InStock{{/if}}\">\r\n            <meta itemprop=\"itemCondition\" itemtype=\"http://schema.org/OfferItemCondition\" content=\"http://schema.org/{{product.condition}}Condition\">\r\n            <meta itemprop=\"priceCurrency\" content=\"{{currency_selector.active_currency_code}}\">\r\n            <meta itemprop=\"url\" content=\"{{product.url}}\">\r\n            <div itemprop=\"priceSpecification\" itemscope itemtype=\"http://schema.org/PriceSpecification\">\r\n                <meta itemprop=\"minPrice\" content=\"{{price.price_range.min.without_tax.value}}\"  />\r\n                <meta itemprop=\"price\" content=\"{{price.price_range.min.without_tax.value}}\">\r\n                <meta itemprop=\"maxPrice\" content=\"{{price.price_range.max.without_tax.value}}\"  />\r\n                <meta itemprop=\"priceCurrency\" content=\"{{currency_selector.active_currency_code}}\">\r\n                <meta itemprop=\"valueAddedTaxIncluded\" content=\"false\">\r\n            </div>\r\n        {{/if}}\r\n    </div>\r\n{{/and}}\r\n\r\n{{!-- Never display the \"saving price\" element by default if there is a price range on the page to be shown --}}\r\n\r\n"
}