{
  "components/products/product-view-bak": "{{#each product.reviews.messages}}\r\n    {{#if error}}\r\n        {{> components/common/alert-error error}}\r\n    {{/if}}\r\n    {{#if success}}\r\n        {{> components/common/alert-success success}}\r\n    {{/if}}\r\n{{/each}}\r\n\r\n<div class=\"productView\" {{#if settings.data_tag_enabled}} data-event-type=\"product\" data-entity-id=\"{{product.id}}\" data-name=\"{{product.title}}\" data-product-category=\"{{#each product.category}}{{#if @last}}{{this}}{{else}}{{this}}, {{/if}}{{/each}}\" data-product-brand=\"{{product.brand.name}}\" data-product-price=\"{{#if product.price.with_tax}}{{product.price.with_tax.value}}{{else}}{{product.price.without_tax.value}}{{/if}}\" data-product-variant=\"single-product-option\"{{/if}}>\r\n  \r\n    <section class=\"productView-images\" data-image-gallery>\r\n        {{!--\r\n            Note that these image sizes are coupled to image sizes used in /assets/js/theme/common/product-details.js\r\n            for variant/rule image replacement\r\n        --}}\r\n        <figure class=\"productView-image\"\r\n                data-image-gallery-main\r\n                {{#if product.main_image}}\r\n                data-zoom-image=\"{{getImageSrcset product.main_image (cdn theme_settings.default_image_product) 1x=theme_settings.zoom_size }}\"\r\n                {{/if}}\r\n                >\r\n            <div class=\"productView-img-container\">\r\n                {{!-- Remove the surrounding a-element if there is no main image. --}}\r\n                {{#if product.main_image}}\r\n                    <a href=\"{{getImageSrcset product.main_image (cdn theme_settings.default_image_product) 1x=theme_settings.zoom_size}}\"\r\n                        target=\"_blank\"{{#if schema}} itemprop=\"image\"{{/if}}>\r\n                {{/if}}\r\n                {{> components/common/responsive-img\r\n                    image=product.main_image\r\n                    class=\"productView-image--default\"\r\n                    fallback_size=theme_settings.product_size\r\n                    lazyload=theme_settings.lazyload_mode\r\n                    default_image=theme_settings.default_image_product\r\n                    otherAttributes=\"data-main-image\"\r\n                }}\r\n                {{!-- Remove the surrounding a-element if there is no main image. --}}\r\n                {{#if product.main_image}}\r\n                    </a>\r\n                {{/if}}\r\n            </div>\r\n        </figure>\r\n        <ul class=\"productView-thumbnails\"{{#gt product.images.length 7}} data-slick='{\r\n                \"infinite\": false,\r\n                \"mobileFirst\": true,\r\n                \"slidesToShow\": 7,\r\n                \"slidesToScroll\": 1,\r\n                \"dots\": false\r\n            }'{{/gt}}>\r\n            {{#each product.images}}\r\n                <li class=\"productView-thumbnail\">\r\n                    <a\r\n                        class=\"productView-thumbnail-link\"\r\n                        href=\"{{getImageSrcset this (cdn ../theme_settings.default_image_product) 1x=../theme_settings.zoom_size}}\"\r\n                        data-image-gallery-item\r\n                        data-image-gallery-new-image-url=\"{{getImageSrcset this (cdn ../theme_settings.default_image_product) 1x=../theme_settings.product_size}}\"\r\n                        data-image-gallery-new-image-srcset=\"{{getImageSrcset this use_default_sizes=true}}\"\r\n                        data-image-gallery-zoom-image-url=\"{{getImageSrcset this (cdn ../theme_settings.default_image_product) 1x=../theme_settings.zoom_size}}\"\r\n                    >\r\n                        <img class=\"lazyload\" data-sizes=\"auto\" src=\"{{cdn 'img/loading.svg'}}\" data-src=\"{{getImage this 'productview_thumb_size' (cdn ../theme_settings.default_image_product)}}\" alt=\"{{this.alt}}\" title=\"{{this.alt}}\">\r\n                    </a>\r\n                </li>\r\n            {{/each}}\r\n        </ul>\r\n    </section>\r\n    <section class=\"productView-details\">\r\n        <div class=\"productView-product\">\r\n            {{#if page_type '===' 'product'}}\r\n                {{#or product.price.non_sale_price_with_tax product.price.non_sale_price_without_tax}}\r\n                    <div class=\"sale-flag-side\">\r\n                        <span class=\"sale-text\">Sale</span>\r\n                    </div>\r\n                {{/or}}\r\n            {{/if}}\r\n\r\n            <h1 class=\"productView-title main-heading\" {{#if schema}}itemprop=\"name\"{{/if}}>{{product.title}}</h1>\r\n            {{#if product.brand}}\r\n                <span class=\"productView-brand\"{{#if schema}} itemprop=\"brand\" itemscope itemtype=\"http://schema.org/Brand\"{{/if}}>\r\n                    <a href=\"{{product.brand.url}}\"{{#if schema}} itemprop=\"url\"{{/if}}><span{{#if schema}} itemprop=\"name\"{{/if}}><strong>{{product.brand.name}}</strong></span></a>\r\n                </span>\r\n            {{/if}}\r\n            {{#if product.sku}}\r\n                <div class=\"productSKU\">\r\n                    <dt class=\"productView-info-name sku-label\">{{lang 'products.sku'}}</dt>\r\n                    <dd class=\"productView-info-value\" data-product-sku{{#if schema}} itemprop=\"sku\"{{/if}}>{{product.sku}}</dd>\r\n                </div>\r\n            {{/if}}\r\n            {{#and product.sku product.upc}}<span style=\"position:relative; padding: 0 3px; top: -1px;\">|</span>{{/and}}\r\n            {{#if product.upc}}\r\n                <div class=\"productUPC\">\r\n                    <dt class=\"productView-info-name upc-label\">{{lang 'products.upc'}}</dt>\r\n                    <dd class=\"productView-info-value\" data-product-upc>{{product.upc}}</dd>\r\n                </div>\r\n            {{/if}}\r\n        \r\n            {{#if product.availability}}\r\n                <div>\r\n                    <dt class=\"productView-info-name\">{{lang 'products.availability'}}</dt>\r\n                    <dd class=\"productView-info-value\">{{product.availability}}</dd>\r\n                </div>\r\n            {{/if}}\r\n            \r\n            \r\n            <div class=\"quickform-request-buttons\">\r\n                <span class=\"productView-quoteLink request-pricelist\">\r\n                            <a class=\"modal-iFrame-action\" href=\"/request-free-catalog-price-list/\"  data-reveal-id=\"modal-iFrame-content\" >\r\n                               <strong style=\"text-decoration: underline;\">Request Free Catalog / Price List</strong>\r\n                            </a>\r\n                </span> \r\n                <span class=\"productView-quoteLink request-contract\">\r\n                            <a class=\"modal-iFrame-action\" href=\"/request-contract-to-the-trade-discount/\"  data-reveal-id=\"modal-iFrame-content\" >\r\n                               <strong style=\"text-decoration: underline;\">Request Contract / To The Trade Discount</strong>\r\n                            </a>\r\n                </span> \r\n            </div>\r\n            \r\n            \r\n            \r\n            {{#if product.call_for_price}}\r\n                <p class=\"productView-price\">\r\n                    <span>{{product.call_for_price}}</span>\r\n                </p>\r\n            {{/if}}\r\n            <div class=\"productView-price\">\r\n                {{#or customer (if theme_settings.restrict_to_login '!==' true)}}\r\n                    {{> components/products/price price=product.price schema_org=schema}}\r\n                {{else}}\r\n                    {{> components/common/login-for-pricing}}\r\n                {{/or}}\r\n            </div>\r\n\r\n            {{#if settings.bulk_discount_enabled}}\r\n                {{> components/products/bulk-discount-rates bulk_discount_rates=product.bulk_discount_rates}}\r\n            {{/if}}\r\n\r\n            {{{region name=\"product_below_price\"}}}\r\n            <div class=\"productView-rating\"{{#if product.num_reviews '>' 0}}{{#if schema}} itemprop=\"aggregateRating\" itemscope itemtype=\"http://schema.org/AggregateRating\"{{/if}}{{/if}}>\r\n                {{#if settings.show_product_rating}}\r\n                    {{#if product.num_reviews '>' 0}}\r\n                        {{#if schema}}\r\n                            <meta itemprop=\"ratingValue\" content=\"{{product.rating}}\">\r\n                            <meta itemprop=\"ratingCount\" content=\"{{product.num_reviews}}\">\r\n                            <meta itemprop=\"reviewCount\" content=\"{{product.num_reviews}}\">\r\n                        {{/if}}\r\n                    {{/if}}\r\n                    {{> components/products/ratings rating=product.rating}}\r\n                    <span class=\"productView-reviewLink\">\r\n                        {{#if product.num_reviews '>' 0}}\r\n                            <a href=\"{{product.url}}#product-reviews\">\r\n                                {{lang 'products.reviews.link_to_review' total=product.num_reviews}}\r\n                            </a>\r\n                        {{else}}\r\n                            {{lang 'products.reviews.link_to_review' total=product.num_reviews}}\r\n                        {{/if}}\r\n                    </span>\r\n                {{/if}}\r\n                {{#if settings.show_product_reviews}}\r\n                    <span class=\"productView-reviewLink\">\r\n                        <a href=\"{{product.url}}{{#if is_ajax}}#write_review{{/if}}\"\r\n                           {{#unless is_ajax }}data-reveal-id=\"modal-review-form\"{{/unless}}>\r\n                           <i class=\"icon\" aria-hidden=\"true\" style=\"position: relative; top: -1px;\">\r\n                                <svg><use xlink:href=\"#icon-plus\" /></svg>\r\n                            </i>\r\n                           <strong style=\"text-decoration: underline;\">{{lang 'products.reviews.new'}}</strong>\r\n                        </a>\r\n                    </span>\r\n                    {{> components/products/modals/writeReview}}\r\n                {{/if}}\r\n            </div>\r\n\r\n\t\t\t<!-- productView-specs -->\r\n            {{> store-custom/components/products/productView-specs }}\r\n            <!-- productView-specs -->\r\n\r\n\r\n\r\n            {{product.detail_messages}}\r\n        </div>\r\n        {{#and product.warranty theme_settings.show_short_desc}}\r\n            <div class=\"productView-warranty\">\r\n                {{{product.warranty}}}\r\n            </div>\r\n        {{/and}}\r\n        <div class=\"productView-options\">\r\n            <form class=\"form\" method=\"post\" action=\"{{product.cart_url}}\" enctype=\"multipart/form-data\"\r\n                  data-cart-item-add>\r\n                <input type=\"hidden\" name=\"action\" value=\"add\">\r\n                <input type=\"hidden\" name=\"product_id\" value=\"{{product.id}}\"/>\r\n                \r\n                <div class=\"productView-options-wrap\" data-product-option-change style=\"display:none;\">\r\n                    {{#if product.options}}\r\n                        <div class=\"productView-options-inner\">\r\n                            {{#each product.options}}\r\n                                {{{dynamicComponent 'store-custom/components/products/options'}}}\r\n                            {{/each}}\r\n                        </div>\r\n                    {{/if}}\r\n                </div>\r\n                \r\n                {{#any product.shipping product.gift_wrapping_available product.stock_level}}\r\n                    <div class=\"shipping-giftWrap-stock\">\r\n                        {{#if product.shipping}}\r\n                            {{#unless product.shipping.calculated}}\r\n                                {{#if product.shipping.price.value '===' 0}}\r\n                                    <div class=\"productView-shipping productView-shipping--free\">\r\n                                        <dt class=\"productView-info-name hide-label\">{{lang 'products.shipping'}}</dt>\r\n                                        <dd class=\"productView-info-value uppercase\"><strong>{{lang 'products.shipping_free'}}</strong></dd>\r\n                                    </div>\r\n                                {{else}}\r\n                                    <div class=\"productView-shipping\">\r\n                                        <dt class=\"productView-info-name\">Fixed Shipping Cost: </dt>\r\n                                        <dd class=\"productView-info-value\">{{product.shipping.price.formatted}}</dd>\r\n                                    </div>\r\n                                {{/if}}\r\n                            {{/unless}}\r\n                        {{/if}}\r\n                        {{#if product.gift_wrapping_available}}\r\n                            <div class=\"productView-giftWrap\">\r\n                                <dt class=\"productView-info-name\">{{lang 'products.gift_wrapping'}}</dt>\r\n                                <dd class=\"productView-info-value\">{{lang 'products.gift_wrapping_available'}}</dd>\r\n                            </div>\r\n                        {{/if}}\r\n                        <div class=\"form-field--stock{{#unless product.stock_level}} u-hiddenVisually{{/unless}}\">\r\n                            <dt class=\"productView-info-name\">{{lang 'products.current_stock'}}</dt>\r\n                            <dd class=\"productView-info-value\"><span data-product-stock>{{product.stock_level}}</span></dd>\r\n                        </div>\r\n                    </div>\r\n                {{/any}}\r\n                \r\n                {{#if product.can_purchase}}\r\n                    {{> components/products/add-to-cart}}\r\n                {{/if}}\r\n                {{#if product.out_of_stock}}\r\n                    {{#if product.out_of_stock_message}}\r\n                        {{> components/common/alert-error product.out_of_stock_message}}\r\n                    {{else}}\r\n                        {{> components/common/alert-error (lang 'products.sold_out')}}\r\n                    {{/if}}\r\n                    <span class=\"button button--primary button--out-of-stock\">Out of Stock</span>\r\n                {{/if}}\r\n            </form>\r\n            {{#if settings.show_wishlist}}\r\n                {{> components/common/wishlist-dropdown}}\r\n            {{/if}}\r\n            {{#if product.release_date }}\r\n                <p>{{product.release_date}}</p>\r\n            {{/if}}\r\n        </div>\r\n        {{> components/common/share}}\r\n    </section>\r\n</div>\r\n\r\n<div id=\"previewModal\" class=\"modal modal--large\" data-reveal>\r\n    <a href=\"#\" class=\"modal-close\" aria-label=\"{{lang 'common.close'}}\" role=\"button\">\r\n        <span aria-hidden=\"true\">&#215;</span>\r\n    </a>\r\n    <div class=\"modal-content\"></div>\r\n    <div class=\"loadingOverlay\"></div>\r\n</div>\r\n\r\n<!-- product script -->\r\n {{> store-custom/components/products/product-script }}\r\n<!-- product script -->\r\n\r\n\r\n",
  "components/common/alert-error": "<div class=\"alertBox alertBox--error\">\r\n    <div class=\"alertBox-column alertBox-icon\">\r\n        <icon glyph=\"ic-error\" class=\"icon\" aria-hidden=\"true\"><svg xmlns=\"http://www.w3.org/2000/svg\" width=\"24\" height=\"24\" viewBox=\"0 0 24 24\"><path d=\"M12 2C6.48 2 2 6.48 2 12s4.48 10 10 10 10-4.48 10-10S17.52 2 12 2zm1 15h-2v-2h2v2zm0-4h-2V7h2v6z\"></path></svg></icon>\r\n    </div>\r\n    <p class=\"alertBox-column alertBox-message\">\r\n        <span>{{{this}}}</span>\r\n    </p>\r\n</div>\r\n",
  "components/common/alert-success": "<div class=\"alertBox alertBox--success\">\r\n    <div class=\"alertBox-column alertBox-icon\">\r\n        <icon glyph=\"ic-success\" class=\"icon\" aria-hidden=\"true\"><svg xmlns=\"http://www.w3.org/2000/svg\" width=\"24\" height=\"24\" viewBox=\"0 0 24 24\"><path d=\"M12 2C6.48 2 2 6.48 2 12s4.48 10 10 10 10-4.48 10-10S17.52 2 12 2zm1 15h-2v-2h2v2zm0-4h-2V7h2v6z\"></path></svg></icon>\r\n    </div>\r\n    <p class=\"alertBox-column alertBox-message\">\r\n        <span>{{{this}}}</span>\r\n    </p>\r\n</div>\r\n",
  "components/common/responsive-img": "{{!--\r\nThis file implements the lazysizes srcset pattern (as seen on\r\nhttps://github.com/aFarkas/lazysizes#modern-transparent-srcset-pattern) for maximum performance on modern browsers\r\nand reasonable compatibility with legacy browsers.\r\n\r\nThere are a few important arguments to know about when using this component:\r\n`lazyload`:\r\n    - If set to 'lazyload+lqip', will load a low-res image which will be replaced by lazysizes - ensuring that SOME\r\n    content is shown immediately on page load. Without LQIP, a transparent gif will be used instead, which reduces\r\n    the number of requests needed to load the page, making it even faster.\r\n    - If set to 'lazyload', the browser will not load the full-size image at first, instead the lazysizes plugin will\r\n        load it progressively after page load. This improves the load speed of the page, but it should be disabled for\r\n        high-priority above-the-fold images.\r\n    - If set to 'disabled', will not attempt to lazyload the image and instead tell the browser to load it immediately.\r\n        Use this for high-priority images that are above the fold.\r\n\r\n`fallback_size`:\r\n    This is the size to use for this image in legacy browsers that do not support srcset.\r\n    Can be defined as a pixel bounding-box size (e.g. \"123x123) or inherent width (e.g. \"123w\").\r\n\r\n`class`:\r\n    The CSS classes to add to the image, e.g. \"card-image\". If lazyloading is enabled, all images will have the\r\n    \"lazyload\" class so that lazysizes will target them automatically.\r\n\r\n`otherAttributes`:\r\n    Any other HTML attributes you want on the img tag, for example \"height='100' width='100'\"\r\n\r\n`default_image`:\r\n    The default image to use if `image` is undefined or falsy. Should be a theme asset, usually defined as a relative\r\n    path in the theme config. If a default image is not provided, you'll get an image tag with no image if the primary\r\n    image is undefined.\r\n\r\n`lqip_size`:\r\n    If you want to specify a particular size for the LQIP image, you can do so with this argument. A default of 80\r\n    pixels wide will be used otherwise. This argument has no effect if the lazyload mode is not \"lazyload+lqip\".\r\n\r\n--}}\r\n<img {{#if image}}{{!-- Get the default image for legacy browsers that do not support srcset\r\n--}}src=\"{{getImageSrcset image 1x=(default fallback_size '160w')}}\" alt=\"{{image.alt}}\" title=\"{{image.alt}}\" {{!--\r\n  Allow lazysizes to generate the 'sizes' attribute automatically --}}data-sizes=\"auto\"\r\n  {{#unless lazyload '==' 'disabled'}}\r\n    {{#if lazyload '==' 'lazyload+lqip'}}\r\n    {{!-- If we want a LQIP, include it as the default srcset (will be overwritten by lazysizes) --}}\r\n    srcset=\"{{getImageSrcset image 1x=(default lqip_size '80w')}}\"\r\n    {{else}}\r\n      {{!-- If we don't want a LQIP, use a 1px transparent gif for the stand-in image\r\n            This requires no additional network request, so it's fast --}}\r\n    srcset=\"data:image/gif;base64,R0lGODlhAQABAIAAAP///wAAACH5BAEAAAAALAAAAAABAAEAAAICRAEAOw==\"\r\n    {{/if}}\r\n{{/unless}}\r\n{{!-- If lazyloading is disabled, just use \"srcset\". If it is not disabled, use \"data-srcset\" so lazysizes will use\r\n      this after page load --}}\r\n{{!--\r\nGenerate the srcset string using the default sizes defined in the helper. This will allow the browser to\r\npick the best-sized image based on its own understanding of how it will render the page.\r\n--}}\r\n{{#unless lazyload '==' 'disabled'}}data-{{/unless}}srcset=\"{{getImageSrcset image use_default_sizes=true }}\"\r\n{{else if default_image}}src=\"{{cdn default_image}}\"{{/if}}\r\nclass=\"{{#unless lazyload '==' 'disabled'}}lazyload{{/unless}}{{#if class}} {{class}}{{/if}}\"\r\n{{#if lazyload '==' 'lazyload'}}loading=\"lazy\"{{/if}}\r\n{{otherAttributes}} />\r\n",
  "components/products/price": "{{!-- There are 2 code paths for generating the PDP pricing HTML determined by the following #and condition. \r\nIf a 'price_range' exists then we generate all HTML in price-range.html, otherwise it is defined here. Both code\r\npaths generate the same HTML structure with some differences in whether that element is displayed by default (css styling).\r\n\r\nIf you are making a change here or in price-range.html, you probably want to make that change in both files. --}}\r\n\r\n         <div  class=\"price-section price-section--saving price save-label\" {{#unless price.saved}}style=\"display: none;\"{{/unless}}>\r\n             <span style=\"\">Save</span>  <span style=\"\" data-product-price-saved class=\"price price--saving\">\r\n                     {{price.saved.formatted}}\r\n                </span> \r\n\t\t\t\t<div class=\"saveover\" style=\"display:none;\"></div>\r\n         </div>\r\n{{#and price.price_range (if theme_settings.price_ranges '==' true)}}\r\n    {{> components/products/price-range price=price schema_org=schema_org}}\r\n{{else}}\r\n    {{#if price.with_tax}}\r\n        <div class=\"price-section price-section--withTax\" {{#if schema_org}}itemprop=\"offers\" itemscope itemtype=\"http://schema.org/Offer\"{{/if}}>\r\n            <span class=\"price-section price-section--withTax non-sale-price--withTax\" {{#unless price.non_sale_price_with_tax}}style=\"display: none;\"{{/unless}}>\r\n                <span data-product-non-sale-price-with-tax class=\"price price--non-sale\">\r\n                    {{price.non_sale_price_with_tax.formatted}}\r\n                </span>\r\n            </span>\r\n            <span data-product-price-with-tax class=\"price\">{{price.with_tax.formatted}}</span>\r\n            {{#if price.rrp_with_tax}}\r\n                <span data-product-rrp-with-tax class=\"price price--rrp\"> {{price.rrp_with_tax.formatted}}</span>\r\n            {{/if}}\r\n            {{#if schema_org}}\r\n                <meta itemprop=\"availability\" itemtype=\"http://schema.org/ItemAvailability\" \r\n                \tcontent=\"http://schema.org/{{#if product.pre_order}}PreOrder{{else if product.out_of_stock}}OutOfStock{{else if product.can_purchase '===' false}}OutOfStock{{else}}InStock{{/if}}\">\r\n                <meta itemprop=\"itemCondition\" itemtype=\"http://schema.org/OfferItemCondition\" content=\"http://schema.org/{{product.condition}}Condition\">\r\n                <meta itemprop=\"priceCurrency\" content=\"{{currency_selector.active_currency_code}}\">\r\n                <meta itemprop=\"url\" content=\"{{product.url}}\">\r\n                <div itemprop=\"priceSpecification\" itemscope itemtype=\"http://schema.org/PriceSpecification\">\r\n                    <meta itemprop=\"price\" content=\"{{price.with_tax.value}}\">\r\n                    <meta itemprop=\"priceCurrency\" content=\"{{currency_selector.active_currency_code}}\">\r\n                    <meta itemprop=\"valueAddedTaxIncluded\" content=\"true\">\r\n                </div>\r\n            {{/if}}\r\n            {{#if price.without_tax}}\r\n                <abbr title=\"{{lang 'products.including_tax'}}\">{{lang 'products.price_with_tax' tax_label=price.tax_label}}</abbr>\r\n            {{/if}}\r\n        </div>\r\n    {{/if}}\r\n    {{#if price.without_tax}}\r\n        <div class=\"price-section price-section--withoutTax {{#if price.with_tax}}price-section--minor{{/if}}\"  {{#if schema_org}}itemprop=\"offers\" itemscope itemtype=\"http://schema.org/Offer\"{{/if}}>\r\n            <span class=\"price-section price-section--withoutTax non-sale-price--withoutTax{{#if price.with_tax}} price-section--minor{{/if}}\" {{#unless price.non_sale_price_without_tax}}style=\"display: none;\"{{/unless}}>\r\n                <span id=\"defprice\"  data-product-non-sale-price-without-tax class=\"price price--non-sale\">\r\n                    {{price.non_sale_price_without_tax.formatted}}\r\n                </span>\r\n            </span>\r\n            <span  id=\"saleprice\" data-product-price-without-tax class=\"price price--withoutTax\">{{price.without_tax.formatted}}</span>\r\n            {{#if price.rrp_with_tax}}\r\n                <span data-product-rrp-without-tax class=\"price price--rrp\">{{price.rrp_without_tax.formatted}}</span>\r\n            {{/if}}\r\n            {{#if schema_org}}\r\n                <meta itemprop=\"availability\" itemtype=\"http://schema.org/ItemAvailability\"\r\n                    content=\"http://schema.org/{{#if product.pre_order}}PreOrder{{else if product.out_of_stock}}OutOfStock{{else if product.can_purchase '===' false}}OutOfStock{{else}}InStock{{/if}}\">\r\n                <meta itemprop=\"itemCondition\" itemtype=\"http://schema.org/OfferItemCondition\" content=\"http://schema.org/{{product.condition}}Condition\">\r\n                <meta itemprop=\"priceCurrency\" content=\"{{currency_selector.active_currency_code}}\">\r\n                <meta itemprop=\"url\" content=\"{{product.url}}\">\r\n                <div itemprop=\"priceSpecification\" itemscope itemtype=\"http://schema.org/PriceSpecification\">\r\n                    <meta itemprop=\"price\" content=\"{{price.without_tax.value}}\">\r\n                    <meta itemprop=\"priceCurrency\" content=\"{{currency_selector.active_currency_code}}\">\r\n                    <meta itemprop=\"valueAddedTaxIncluded\" content=\"false\">\r\n                </div>\r\n            {{/if}}\r\n            {{#if price.with_tax}}\r\n                <abbr title=\"{{lang 'products.excluding_tax'}}\">{{lang 'products.price_without_tax' tax_label=price.tax_label}}</abbr>\r\n            {{/if}}\r\n        </div>\r\n    {{/if}}\r\n{{/and}}\r\n",
  "components/common/login-for-pricing": "<p translate>Log in for pricing</p>\r\n",
  "components/products/bulk-discount-rates": "{{#if bulk_discount_rates.length}}\r\n    <div class=\"productView-info-bulkPricing\">\r\n        {{#if product}}<dt class=\"productView-info-bulkPricing-name\">{{lang 'products.bulk_pricing.title'}}</dt>{{/if}}\r\n        <dd class=\"productView-info-value\">\r\n            <p>{{lang 'products.bulk_pricing.instructions'}}</p>\r\n            <ul>\r\n                {{#each bulk_discount_rates}}\r\n                <li>\r\n                    {{lang 'products.bulk_pricing.range' min=min max=max}}\r\n                    {{#if type '===' 'percent'}}\r\n                    {{lang 'products.bulk_pricing.percent' discount=discount.formatted}}\r\n                    {{else if type '===' 'fixed'}}\r\n                    {{lang 'products.bulk_pricing.fixed' discount=discount.formatted}}\r\n                    {{else if type '===' 'price'}}\r\n                    {{lang 'products.bulk_pricing.price' discount=discount.formatted}}\r\n                    {{/if}}\r\n                </li>\r\n                {{/each}}\r\n            </ul>\r\n        </dd>\r\n    </div>\r\n{{/if}}\r\n",
  "components/products/ratings": "{{#for 1 5}}\r\n    {{#if ../this.rating '>=' $index}}\r\n        <span class=\"icon icon--ratingFull\">\r\n            <svg>\r\n                <use xlink:href=\"#icon-star\" />\r\n            </svg>\r\n        </span>\r\n    {{else}}\r\n        <span class=\"icon icon--ratingEmpty\">\r\n            <svg>\r\n                <use xlink:href=\"#icon-star\" />\r\n            </svg>\r\n        </span>\r\n    {{/if}}\r\n{{/for}}\r\n",
  "components/products/modals/writeReview": "<div id=\"modal-review-form\" class=\"modal\" data-reveal>\r\n    {{inject 'reviewRating' (lang 'forms.validate.reviews.rating')}}\r\n    {{inject 'reviewSubject' (lang 'forms.validate.reviews.title')}}\r\n    {{inject 'reviewComment' (lang 'forms.validate.reviews.comment')}}\r\n    {{inject 'reviewEmail' (lang 'forms.validate.common.email_address')}}\r\n    <div class=\"modal-header\">\r\n        <h2 class=\"modal-header-title\">{{lang 'products.reviews.write_a_review'}}</h2>\r\n        <a href=\"#\" class=\"modal-close\" aria-label=\"{{lang 'common.close'}}\" role=\"button\">\r\n            <span aria-hidden=\"true\">&#215;</span>\r\n        </a>\r\n    </div>\r\n    <div class=\"modal-body\">\r\n        <div class=\"writeReview-productDetails\">\r\n            <div class=\"writeReview-productImage-container\">\r\n                <img class=\"lazyload\" data-sizes=\"auto\" src=\"{{cdn 'img/loading.svg'}}\" data-src=\"{{getImage product.main_image 'product_size' (cdn theme_settings.default_image_product)}}\">\r\n            </div>\r\n            <h6 class=\"product-brand\">{{ product.brand.name }}</h6>\r\n            <h5 class=\"product-title\">{{ product.title }}</h5>\r\n        </div>\r\n        <form class=\"form writeReview-form\" action=\"{{ urls.product.post_review }}\" method=\"post\">\r\n            <fieldset class=\"form-fieldset\">\r\n                <div class=\"form-field\">\r\n                    <label class=\"form-label\" for=\"rating-rate\">{{lang 'products.reviews.rating_label'}}\r\n                        <small>{{lang 'common.required' }}</small>\r\n                    </label>\r\n                    <!-- Stars -->\r\n                    <!-- TODO: Review Stars need to be componentised, both for display and input -->\r\n                    <select id=\"rating-rate\" class=\"form-select\" name=\"revrating\">\r\n                        <option value=\"\">{{lang 'products.reviews.select_rating'}}</option>\r\n                        {{#for 1 5}}\r\n                            {{#if ../product.reviews.selected_rating '===' $index}}\r\n                                <option selected value=\"{{$index}}\">{{lang (concat 'products.reviews.rating.' $index) }}</option>\r\n                            {{else}}\r\n                                <option value=\"{{$index}}\">{{lang (concat 'products.reviews.rating.' $index) }}</option>\r\n                            {{/if}}\r\n                        {{/for}}\r\n                    </select>\r\n                </div>\r\n\r\n                <!-- Name -->\r\n                {{#if product.reviews.author}}\r\n                    {{> components/common/forms/text id=\"revfromname\" name=\"revfromname\" label=(lang 'products.reviews.form_write.name') value=product.reviews.author}}\r\n                {{else}}\r\n                    {{> components/common/forms/text id=\"revfromname\" name=\"revfromname\" label=(lang 'products.reviews.form_write.name') value=customer.name}}\r\n                {{/if}}\r\n\r\n                {{#if product.reviews.show_review_email}}\r\n                    <!-- Email -->\r\n                    {{#if product.reviews.email}}\r\n                        {{> components/common/forms/text id=\"email\" name=\"email\" required=\"false\" label=(lang 'products.reviews.form_write.email') value=product.reviews.email}}\r\n                    {{else}}\r\n                        {{> components/common/forms/text id=\"email\" name=\"email\" required=\"false\" label=(lang 'products.reviews.form_write.email') value=customer.email}}\r\n                    {{/if}}\r\n                {{/if}}\r\n\r\n                <!-- Review Subject -->\r\n                {{> components/common/forms/text id=\"revtitle\" name=\"revtitle\" required=\"true\" label=(lang 'products.reviews.form_write.subject') value=product.reviews.title}}\r\n\r\n                <!-- Comments -->\r\n                {{> components/common/forms/multiline id=\"revtext\" name=\"revtext\" required=\"true\" label=(lang 'products.reviews.form_write.comments') value=product.reviews.text}}\r\n\r\n                {{{product.reviews.recaptcha.markup}}}\r\n\r\n                <div class=\"form-field\">\r\n                    <input type=\"submit\" class=\"button button--primary\"\r\n                           value=\"{{lang 'products.reviews.form_write.submit_value' }}\">\r\n                </div>\r\n                <input type=\"hidden\" name=\"product_id\" value=\"{{ product.id }}\">\r\n                <input type=\"hidden\" name=\"action\" value=\"post_review\">\r\n                {{#if product.reviews.throttleToken}}<input type=\"hidden\" name=\"throttleToken\" value=\"{{product.reviews.throttleToken}}\">{{/if}}\r\n            </fieldset>\r\n        </form>\r\n    </div>\r\n</div>\r\n\r\n\r\n\r\n\r\n",
  "store-custom/components/products/productView-specs": "\r\n\r\n            <div class=\"productView-specs\">\r\n            {{#all product.weight theme_settings.show_product_weight}}\r\n                <div class=\"productView-info\">\r\n                    <dt class=\"productView-info-name\">{{lang 'products.weight'}}</dt>\r\n                    <dd class=\"productView-info-value\" data-product-weight>{{product.weight}}</dd>\r\n                </div>\r\n            {{/all}}\r\n            {{#all product.width product.height product.depth theme_settings.show_product_dimensions}}\r\n                <div>\r\n                    <dt class=\"productView-info-name\">{{lang 'products.width'}}</dt>\r\n                    <dd class=\"productView-info-value\" data-product-width>\r\n                        {{product.width}}\r\n                        {{#if settings.measurements.length '==' 'Centimeters'}}\r\n                        ({{lang 'products.measurement.metric'}})\r\n                        {{else}}\r\n                        ({{lang 'products.measurement.imperial'}})\r\n                        {{/if}}\r\n                    </dd>\r\n                </div>\r\n                <div>\r\n                    <dt class=\"productView-info-name\">{{lang 'products.height'}}</dt>\r\n                    <dd class=\"productView-info-value\" data-product-height>\r\n                        {{product.height}}\r\n                        {{#if settings.measurements.length '==' 'Centimeters'}}\r\n                        ({{lang 'products.measurement.metric'}})\r\n                        {{else}}\r\n                        ({{lang 'products.measurement.imperial'}})\r\n                        {{/if}}\r\n                    </dd>\r\n                </div>\r\n                <div>\r\n                    <dt class=\"productView-info-name\">{{lang 'products.depth'}}</dt>\r\n                    <dd class=\"productView-info-value\" data-product-depth>\r\n                        {{product.depth}}\r\n                        {{#if settings.measurements.length '==' 'Centimeters'}}\r\n                        ({{lang 'products.measurement.metric'}})\r\n                        {{else}}\r\n                        ({{lang 'products.measurement.imperial'}})\r\n                        {{/if}}\r\n                    </dd>\r\n                </div>\r\n            {{/all}}\r\n            \r\n\t\t\t<!-- Custom Fields -->           \r\n\t\t\t\t{{#each product.custom_fields}}\r\n\t\t\t\t\t\t{{#contains name \"Bullet\"}}\r\n\t\t\t\t\t\t<!--<div class=\"p-bullet\">\r\n\t\t\t\t\t\t\t<dd class=\"productView-info-value bullet\">{{{value}}}</dd>  \r\n\t\t\t\t\t\t</div>-->\r\n\t\t\t\t\t\t{{else}}\r\n\t\t\t\t\t\t <div class=\"p-list\">\r\n\t\t\t\t\t\t\t<dt class=\"productView-info-name \">{{name}}:</dt>\r\n\t\t\t\t\t\t\t<dd class=\"productView-info-value\">{{{value}}}</dd> \r\n\t\t\t\t\t\t </div>\r\n\t\t\t\t\t   {{/contains}}\r\n\t\t\t\t   \r\n\t\t\t\t\t\t \r\n\t\t\t\t{{/each}}\r\n\t\t\t<!-- Custom Fields -->    \t\t\r\n\t\t\t\r\n            {{#if product.condition}}\r\n                <div>\r\n                    <dt class=\"productView-info-name\">{{lang 'products.condition'}}</dt>\r\n                    <dd class=\"productView-info-value\">{{product.condition}}</dd>\r\n                </div>\r\n            {{/if}}\r\n            </div>\r\n\r\n\r\n\r\n\r\n\r\n\t\r\n\t\t\t\r\n\t\t\t\r\n",
  "components/products/add-to-cart": "<div style=\"border:none;text-align:center;\" class=\"form-field form-field--increments\">\r\n    <label style=\"font-size:1rem;position: unset;\" class=\"form-label form-label--alternate\"\r\n           for=\"qty[]\">Quantity</label>\r\n\r\n   <div class=\"form-increment\" data-quantity-change>\r\n        <button class=\"button button--icon\" data-action=\"dec\" type=\"button\">\r\n            <span class=\"is-srOnly\">{{lang 'products.quantity_decrease'}}</span>\r\n            <i class=\"icon\" aria-hidden=\"true\">\r\n                <svg>\r\n                    <use xlink:href=\"#icon-keyboard-arrow-down\"/>\r\n                </svg>\r\n            </i>\r\n        </button>\r\n        <input class=\"form-input form-input--incrementTotal\"\r\n               id=\"qty[]\"\r\n               name=\"qty[]\"\r\n               type=\"tel\"\r\n               value=\"{{#if product.min_purchase_quantity}}{{product.min_purchase_quantity}}{{else}}1{{/if}}\"\r\n               data-quantity-min=\"{{product.min_purchase_quantity}}\"\r\n               data-quantity-max=\"{{product.max_purchase_quantity}}\"\r\n               min=\"1\"\r\n               pattern=\"[0-9]*\"\r\n               aria-live=\"polite\">\r\n        <button class=\"button button--icon\" data-action=\"inc\" type=\"button\">\r\n            <span class=\"is-srOnly\">{{lang 'products.quantity_increase'}}</span>\r\n            <i class=\"icon\" aria-hidden=\"true\">\r\n                <svg>\r\n                    <use xlink:href=\"#icon-keyboard-arrow-up\"/>\r\n                </svg>\r\n            </i>\r\n        </button>\r\n    </div>\r\n</div>\r\n\r\n{{#or product.min_purchase_quantity product.max_purchase_quantity}}\r\n    <div class=\"min-max-purchase\">\r\n{{/or}}\r\n{{#if product.min_purchase_quantity}}\r\n<div>\r\n    <dt class=\"productView-info-name\">{{lang 'products.min_purchase_quantity'}}</dt>\r\n    <dd class=\"productView-info-value\">{{lang 'products.purchase_units' quantity=product.min_purchase_quantity}}</dd>\r\n</div>\r\n{{/if}}\r\n{{#if product.max_purchase_quantity}}\r\n<div>\r\n    <dt class=\"productView-info-name\">{{lang 'products.max_purchase_quantity'}}</dt>\r\n    <dd class=\"productView-info-value\">{{lang 'products.purchase_units' quantity=product.max_purchase_quantity}}</dd>\r\n</div>\r\n{{/if}}\r\n{{#or product.min_purchase_quantity product.max_purchase_quantity}}\r\n    </div>\r\n{{/or}}\r\n\r\n<div class=\"alertBox productAttributes-message\" style=\"display:none\">\r\n    <div class=\"alertBox-column alertBox-icon\">\r\n        <icon glyph=\"ic-success\" class=\"icon\" aria-hidden=\"true\"><svg xmlns=\"http://www.w3.org/2000/svg\" width=\"24\" height=\"24\" viewBox=\"0 0 24 24\"><path d=\"M12 2C6.48 2 2 6.48 2 12s4.48 10 10 10 10-4.48 10-10S17.52 2 12 2zm1 15h-2v-2h2v2zm0-4h-2V7h2v6z\"></path></svg></icon>\r\n    </div>\r\n    <p class=\"alertBox-column alertBox-message\"></p>\r\n</div>\r\n{{#or customer (if theme_settings.restrict_to_login '!==' true)}}\r\n    <div class=\"form-action\">\r\n        <input id=\"form-action-addToCart\" data-wait-message=\"{{lang 'products.adding_to_cart'}}\" class=\"button button--primary\" type=\"submit\"\r\n            value=\"{{#if product.pre_order}}{{lang 'products.pre_order'}}{{else}}{{lang 'products.add_to_cart'}}{{/if}}\">\r\n    </div>\r\n\t\r\n\r\n    \r\n\r\n{{/or}}\r\n\r\n\r\n\r\n\r\n<script>$(document).ready(function(){\r\n  $(\".test-check\").click(function(){\r\n  \r\n if (($(\".form-select\").val() > 0) && ($(\".form-field:last-child .form-select\").val() >0)){\r\n \r\n\t location.href='/cart.php?action=buy&sku=' + $(\".productSKU .productView-info-value\").text();\r\n \r\n }\r\n \r\n else if ($(\".form-select\").val() === undefined) {\r\n     \r\n     location.href='/cart.php?action=buy&sku=' + $(\".productSKU .productView-info-value\").text();\r\n     \r\n }\r\n else{\r\n      $('#form-action-addToCart').trigger('click');\r\n     \r\n }\r\n \r\n \r\n  });\r\n});\r\n</script>\r\n",
  "components/common/wishlist-dropdown": "<form action=\"{{product.add_to_wishlist_url}}\" class=\"form form-wishlist form-action\" data-wishlist-add method=\"post\">\r\n    <a aria-controls=\"wishlist-dropdown\" aria-expanded=\"false\" class=\"button button--secondary dropdown-menu-button\" data-dropdown=\"wishlist-dropdown\">\r\n        <span>{{lang 'account.wishlists.add_item'}}</span>\r\n        <i aria-hidden=\"true\" class=\"icon\">\r\n            <svg>\r\n                <use xlink:href=\"#icon-chevron-down\" />\r\n            </svg>\r\n        </i>\r\n    </a>\r\n    <ul aria-hidden=\"true\" class=\"dropdown-menu\" data-dropdown-content id=\"wishlist-dropdown\" tabindex=\"-1\">\r\n        {{#if customer.wishlists}} {{#each customer.wishlists}}\r\n        <li>\r\n            <input class=\"button {{#if this.num_items '!==' '0'}}button--has-items{{/if}}\" formaction=\"{{this.add_url}}&product_id={{../product.id}}\"\r\n                type=\"submit\" value=\"{{this.name}}\">\r\n        </li>\r\n        {{/each}} {{else}}\r\n        <li>\r\n            <input class=\"button\" type=\"submit\" value=\"{{lang 'account.wishlists.add_to_default'}}\">\r\n        </li>\r\n        {{/if}}\r\n        <li>\r\n            <a data-wishlist class=\"button\" href=\"/wishlist.php?action=addwishlist&product_id={{product.id}}\">{{lang 'account.wishlists.create_new'}}</a>\r\n        </li>\r\n    </ul>\r\n</form>\r\n",
  "components/common/share": "{{#if settings.add_this.buttons}}\r\n<div class=\"addthis_toolbox addthis_32x32_style\" addthis:url=\"{{url}}\"\r\n\taddthis:title=\"{{title}}\">\r\n\t<div class=\"share-buttons--list\">\r\n\t<h5>Share this:</h5>\r\n\t\t<a class=\"share-buttons--button share-buttons--facebook\" target=\"_blank\" href=\"//www.facebook.com/sharer.php?u=https://coyotegrills.com/products/3ft-electric-island-only-storage\">\r\n\t\t\t<svg aria-hidden=\"true\" focusable=\"false\" role=\"presentation\" xmlns=\"http://www.w3.org/2000/svg\" width=\"28\" height=\"28\" viewBox=\"0 0 28 28\">\r\n\t\t\t\t<path fill=\"currentColor\" fill-rule=\"evenodd\" d=\"M16.913 13.919h-2.17v7.907h-3.215V13.92H10v-2.794h1.528V9.316c0-1.294.601-3.316 3.245-3.316l2.38.01V8.72h-1.728c-.282 0-.68.145-.68.762v1.642h2.449l-.281 2.794z\"></path>\r\n\t\t\t</svg>\r\n\t\t\t<span class=\"visually-hidden\">Share on Facebook</span>    \r\n\t\t</a>\r\n\t\t<a class=\"share-buttons--button share-buttons--twitter\" target=\"_blank\" href=\"//twitter.com/share?url=https://coyotegrills.com/products/3ft-electric-island-only-storage\">\r\n\t\t\t<svg aria-hidden=\"true\" focusable=\"false\" role=\"presentation\" xmlns=\"http://www.w3.org/2000/svg\" width=\"28\" height=\"28\" viewBox=\"0 0 28 28\">\r\n\t\t\t\t<path fill=\"currentColor\" fill-rule=\"evenodd\" d=\"M20.218 9.925a3.083 3.083 0 0 0 1.351-1.7 6.156 6.156 0 0 1-1.952.746 3.074 3.074 0 0 0-5.238 2.804 8.727 8.727 0 0 1-6.336-3.212 3.073 3.073 0 0 0 .951 4.104 3.062 3.062 0 0 1-1.392-.385v.039c0 1.49 1.06 2.732 2.466 3.014a3.078 3.078 0 0 1-1.389.053 3.077 3.077 0 0 0 2.872 2.135A6.168 6.168 0 0 1 7 18.795a8.7 8.7 0 0 0 4.712 1.382c5.654 0 8.746-4.685 8.746-8.747 0-.133-.003-.265-.009-.397a6.248 6.248 0 0 0 1.534-1.592 6.146 6.146 0 0 1-1.765.484z\"></path>\r\n\t\t\t</svg>\r\n\t\t\t<span class=\"visually-hidden\">Tweet on Twitter</span>    \r\n\t\t</a>\r\n\t\t<a class=\"share-buttons--button share-buttons--google\" target=\"_blank\" href=\"//plus.google.com/share?url=https://coyotegrills.com/products/3ft-electric-island-only-storage\">\r\n\t\t\t<svg aria-hidden=\"true\" focusable=\"false\" role=\"presentation\" xmlns=\"http://www.w3.org/2000/svg\" width=\"28\" height=\"28\" viewBox=\"0 0 28 28\">\r\n\t\t\t\t<path fill=\"currentColor\" fill-rule=\"evenodd\" d=\"M19.825 11.5h1.744c.003.583.006 1.17.012 1.753.583.006 1.17.006 1.753.012v1.744c-.583.006-1.167.009-1.753.015-.006.586-.009 1.17-.012 1.753h-1.747c-.006-.583-.006-1.167-.012-1.75l-1.753-.018v-1.744c.583-.006 1.167-.009 1.753-.012.003-.586.009-1.17.015-1.753zM4.016 13.833C4.07 10.67 6.977 7.9 10.141 8.005c1.516-.07 2.94.59 4.102 1.516a21.863 21.863 0 0 1-1.557 1.612c-1.396-.964-3.38-1.24-4.776-.126-1.997 1.381-2.088 4.641-.167 6.128 1.867 1.694 5.397.853 5.913-1.742-1.17-.017-2.342 0-3.512-.038-.003-.698-.006-1.396-.003-2.093a555.11 555.11 0 0 1 5.87.006c.117 1.642-.1 3.389-1.109 4.746-1.527 2.15-4.594 2.777-6.986 1.856-2.401-.915-4.102-3.45-3.9-6.037z\"></path>\r\n\t\t\t</svg>\r\n\t\t\t<span class=\"visually-hidden\">Share on Google+</span>    \r\n\t\t</a>\r\n\t\t<a class=\"share-buttons--button share-buttons--linkedin\" target=\"_blank\" href=\"//www.linkedin.com/shareArticle?mini=true&amp;url=https://coyotegrills.com/products/3ft-electric-island-only-storage&amp;title=3ft%20Electric%20Island%20Only%20Storage\">\r\n\t\t\t<svg aria-hidden=\"true\" focusable=\"false\" role=\"presentation\" xmlns=\"http://www.w3.org/2000/svg\" width=\"26\" height=\"28\" viewBox=\"-12 -10 50 50\">\r\n\t\t\t\t<path fill=\"currentColor\" fill-rule=\"evenodd\" d=\"M9.7 9.8h4.8v2.5c.7-1.4 2.5-2.8 5.1-2.8 5.2 0 6.4 3 6.4 8.4V28h-5.2v-8.8c0-3.1-.7-4.9-2.5-4.9-2.4 0-3.4 1.9-3.4 4.9V28H9.7V9.8zm-9 18H6V9.5H.7v18.3zm6-24.2c0 2-1.5 3.5-3.4 3.5C1.5 7.1 0 5.5 0 3.6 0 1.6 1.5 0 3.3 0c1.9 0 3.4 1.6 3.4 3.6z\" clip-rule=\"evenodd\"></path>\r\n\t\t\t</svg>\r\n\t\t\t<span class=\"visually-hidden\">Share on LinkedIn</span>    \r\n\t\t</a>\r\n\t\t<a class=\"share-buttons--button share-buttons--pinterest\" target=\"_blank\" href=\"//pinterest.com/pin/create/button/?url=https://coyotegrills.com/products/3ft-electric-island-only-storage&amp;media=//cdn.shopify.com/s/files/1/0226/6388/8970/products/96356540_3579476628748999_4198224390313213952_o_1024x.jpg?v=1589777513&amp;description=3ft%20Electric%20Island%20Only%20Storage\">\r\n\t\t\t<svg aria-hidden=\"true\" focusable=\"false\" role=\"presentation\" xmlns=\"http://www.w3.org/2000/svg\" width=\"28\" height=\"28\" viewBox=\"0 0 28 28\">\r\n\t\t\t\t<path fill=\"currentColor\" fill-rule=\"evenodd\" d=\"M13.914 6a7.913 7.913 0 0 0-2.885 15.281c-.07-.626-.132-1.586.028-2.27.144-.618.928-3.933.928-3.933s-.238-.475-.238-1.175c0-1.098.64-1.922 1.433-1.922.675 0 1 .507 1 1.115 0 .68-.43 1.694-.654 2.634-.188.789.395 1.43 1.172 1.43 1.405 0 2.487-1.482 2.487-3.622 0-1.894-1.361-3.219-3.306-3.219-2.251 0-3.571 1.689-3.571 3.434 0 .68.26 1.409.587 1.805.065.08.074.149.056.228-.06.25-.194.787-.22.897-.035.144-.114.176-.266.106-.987-.46-1.606-1.905-1.606-3.066 0-2.497 1.814-4.787 5.23-4.787 2.744 0 4.878 1.955 4.878 4.57 0 2.726-1.72 4.922-4.108 4.922-.801 0-1.555-.418-1.813-.91l-.495 1.88c-.178.688-.66 1.55-.983 2.075a7.914 7.914 0 0 0 10.258-7.56 7.914 7.914 0 0 0-7.913-7.912V6z\"></path>\r\n\t\t\t</svg>\r\n\t\t\t<span class=\"visually-hidden\">Pin on Pinterest</span>      \r\n\t\t</a>\r\n\t</div>\r\n\t<script type=\"text/javascript\"\r\n\t\tdefer src=\"//s7.addthis.com/js/300/addthis_widget.js#pubid=ra-4e94ed470ee51e32\"></script>\r\n\t<script>  \r\n\t\twindow.addEventListener('DOMContentLoaded', function() {\r\n\t\t    if (typeof(addthis) === \"object\") {\r\n\t\t        addthis.toolbox('.addthis_toolbox');\r\n\t\t    }\r\n\t\t});\r\n\t</script>\r\n</div>\r\n{{/if}}\r\n{{#if settings.facebook_like_button.enabled}}\r\n<iframe \r\n\tclass=\"facebook{{#if settings.facebook_like_button.verb '===' 'recommend'}}Recommend{{else}}Like{{/if}}Btn\" \r\n\tstyle=\"border:none; overflow:hidden; margin: 0; padding: 0; position:absolute\" \r\n\tsrc=\"https://www.facebook.com/plugins/like.php?href={{settings.facebook_like_button.href}}&amp;layout=button_count{{#if settings.facebook_like_button.verb '===' 'recommend'}}&amp;action=recommend{{/if}}&amp;colorscheme=light&amp;height=20\" \r\n\tscrolling=\"no\" \r\n\tframeborder=\"0\" \r\n\tallowTransparency=\"true\">\r\n</iframe>\r\n{{/if}}\r\n",
  "store-custom/components/products/product-script": "<!-- Option Tweak -->\r\n<script src = \"{{cdn 'assets/jquery.min.js'}}\" > </script> \r\n\t<script >\r\n\r\n\t$(document).ready(function () {\r\n\r\n\r\n\t\tvar _cushionOption = \"\";\r\n\t\tvar _cushionFabrics = \"\";\r\n\t\tvar _itemColor = \"\";\r\n\t\tvar _dataColor = \"\";\r\n\t\tvar _dataFabric = \"\";\r\n\t\tvar _defaultColor = \"\";\r\n\t\tvar _defaultFabric = \"\";\r\n\t\tvar solidColor;\r\n\t\tvar _topMargin;\r\n\t\tvar interval;\r\n\t\tvar counter;\r\n\t\tvar frameClone = \"\";\r\n\t\tvar _cushionData = [\"Quick Ship Cushion\", \"Yes\"];\r\n\t\t_cushionData[\"Quick Ship Cushion\"] = [\"Spectrum Indigo\", \"Spectrum Sand\", \"Granite\", \"Cast charcoal\", \"Spa\", \"Natural\", \"Cast lagoon\", \"Regatta\"];\r\n\t\t_cushionData[\"Yes\"] = [\"No Cushion Fabric\", \"Cast charcoal\"];\r\n\r\n\r\n\t\tfunction incaseInArray(val, arr) {\r\n\t\t\tvar _returnValue = false;\r\n\t\t\tif (arr.length) {\r\n\t\t\t\tfor (var i = 0; arr.length > i; i++) {\r\n\t\t\t\t\tif (val.toLowerCase() == arr[i].toLowerCase()) {\r\n\t\t\t\t\t\t_returnValue = true;\r\n\t\t\t\t\t\tbreak;\r\n\t\t\t\t\t}\r\n\t\t\t\t}\r\n\t\t\t}\r\n\t\t\treturn _returnValue;\r\n\t\t}\r\n\r\n\r\n\t\t\t\t// framce Color Selector\r\n\t\tif ($(this).contents().find('.form-field .form-label:contains(\"Frame Color\")').length > 0) {\r\n\t\t\t_itemColor = $(this).contents().find('.form-field .form-label:contains(\"Frame Color\")');\r\n\t\t\t_itemColor.parent('.form-field').find('select').bind(\"change\", function () {\r\n\t\t\t\t_dataColor = $(this).find(\":selected\").text();\r\n\r\n\t\t\t\tif ($(\".cushion select\").find(\":selected\").text().toLowerCase() != \"yes\") {\r\n\t\t\t\t\t$(\".cushion option\").each(function () {\r\n\t\t\t\t\t\tif ($(this).html().toLowerCase() == \"no\") {\r\n\t\t\t\t\t\t\t$(this).prop('selected', true);\r\n\t\t\t\t\t\t\treturn;\r\n\t\t\t\t\t\t}\r\n\t\t\t\t\t});\r\n\t\t\t\t}\r\n\t\t\t\tif ($(\".fabrics select\").find(\":selected\").text().toLowerCase() == \"view options\") {\r\n\t\t\t\t\t$(\".fabrics option\").each(function () {\r\n\t\t\t\t\t\tif ($(this).html().toLowerCase() == \"none\") {\r\n\t\t\t\t\t\t\t$(this).prop('selected', true);\r\n\t\t\t\t\t\t\treturn;\r\n\t\t\t\t\t\t}\r\n\r\n\t\t\t\t\t\tif ($(this).html().toLowerCase() == \"none\") {\r\n\t\t\t\t\t\t\t$(this).prop('selected', true);\r\n\t\t\t\t\t\t\treturn;\r\n\t\t\t\t\t\t}\r\n\t\t\t\t\t});\r\n\t\t\t\t}\r\n\t\t\t\t$(\".framecolor option\").each(function () {\r\n\r\n\t\t\t\t\t$(this).removeAttr('selected');\r\n\t\t\t\t});\r\n\r\n\t\t\t\tvar color2 = $(\".framecolor select\").find(\":selected\").text();\r\n\t\t\t\t$('.productView-img-container img').on('load', function () {\r\n\t\t\t\t\t$(\".framecolor option\").each(function () {\r\n\t\t\t\t\t\tif ($(this).html() == color2) {\r\n\t\t\t\t\t\t\t$(this).prop('selected', true);\r\n\t\t\t\t\t\t\t$(this).attr(\"selected\", \"selected\");\r\n\t\t\t\t\t\t\treturn;\r\n\t\t\t\t\t\t}\r\n\t\t\t\t\t});\r\n\t\t\t\t\tframeClone = $(\".framecolor .framecolor\").clone();\r\n\t\t\t\t\t$(\".test-fab-img\").remove();\r\n\t\t\t\t});\r\n\t\t\t\ti//f ($(\".framecolor select\").prop('selectedIndex') < 1) {\r\n\t\t\t\t\t//if (splitoption.length > 1) {\r\n\r\n\t\t\t\t\t\t//addcost = Math.abs(splitoption[1].replace(\"$\", \"\"));\r\n\t\t\t\t\t\t//newprice = \"$\" + (defprice + addcost) + \".00\";\r\n\t\t\t\t\t\t//newsavelabel = \"$\" + (defsave - addcost) + \".00\";\r\n\t\t\t\t\t\t//setTimeout(\r\n\t\t\t\t\t\t\t//function () {\r\n\t\t\t\t\t\t\t\t//$(\".productView-price .save-label .price--saving\").text(newsavelabel);\r\n\t\t\t\t\t\t\t\t//$(\"#defprice\").text(newprice);\r\n\r\n\t\t\t\t\t//\t\t}, 2000);\r\n\t\t\t\t\t\t//$(\".saveover\").append(newsavelabel);\r\n\t\t\t\t\t\t//$(\".saveover\").show();\r\n\t\t\t\t//\t}\r\n\t\t\t\t//}\r\n\r\n\r\n\t\t\t});\r\n\r\n\t\t}\r\n\r\n\t\t//fabric selector\r\n\t\t$(\".fabrics select\").bind(\"change\", function () {\r\n\t\t\t\r\n\t\t\t\r\n\t\t\t//reset fabric options\r\n\t\t\t//removing \"none\" values as selected\r\n\t\t\t$(\".fabrics option\").each(function () {\r\n\r\n\t\t\t\t$(this).removeAttr('selected');\r\n\t\t\t});\r\n\r\n\t\t\t//For adding fabric image on product main image\r\n\t\t\t\r\n\t\t\t//assigning slected fabric options on a variable\r\n\t\t\t//some options have custome text like \"special offer -\"\r\n\t\t\tvar splitFabs = $(this).find(\":selected\").text().split(\"-\");\r\n\t\t\t\r\n\t\t\t//checking if fabric option has a custom text\r\n\t\t\tif (splitFabs.length > 1) {\r\n\t\t\t\tvar str = splitFabs[0].toLowerCase().trim();\r\n\t\t\t\tvar res = str.replace(\" \", \"_\");\r\n\t\t\t\tvar res1 = res.replace(\" \", \"_\");\r\n\t\t\t\tvar res2 = res1.replace(\"'\", \"\");\r\n\r\n\r\n\t\t\t} else\r\n\r\n\t\t\t{\r\n\r\n\t\t\t\tvar str = $(this).find(\":selected\").text().toLowerCase();\r\n\t\t\t\tvar res = str.replace(\" \", \"_\");\r\n\t\t\t\tvar res1 = res.replace(\" \", \"_\");\r\n\t\t\t\tvar res2 = res1.replace(\"'\", \"\");\r\n\r\n\t\t\t}\r\n\t\t\t\r\n\t\t\t\r\n\t\t\t//function adding fabric image on product product main image section\r\n\t\t\t\t\t\tif ($('.form-field.framecolor').length > 0) {\r\n\t\t\t\tif ($(\".framecolor select\").prop('selectedIndex') < 1) {\r\n\t\t\t\t\tvar newimg = \"<img class='test-fab-img' style='height:100%;z-index:4;' src='https://cdn11.bigcommerce.com/s-n1keky2ro6/content/products/\" + res2 + \".jpg' onerror='imgError(this);' />\";\r\n\t\t\t\t\t$(\".test-fab-img\").remove();\r\n\t\t\t\t\t$(\".productView-image\").append(newimg);\r\n\t\t\t\t\t\r\n\t\t\t\t\t$(\".test-fab-img\").on(\"error\", function () {\r\n\t\t\t\t\t\t$(this).hide();\r\n\t\t\t\t\t});\r\n\t\t\t\t}else{\r\n\t\t\t\t\t\t$('.productView-img-container img').on('load', function () {\r\n\t\t\t\t\t\t\t//adding overlay fabric image to cover the product image\r\n\t\t\t\t\t\t\tvar newimg = \"<img class='test-fab-img' style='height:100%;z-index:4;' src='https://cdn11.bigcommerce.com/s-n1keky2ro6/content/products/\" + res2 + \".jpg' onerror='imgError(this);' />\";\r\n\t\t\t\t\t\t\t$(\".test-fab-img\").remove();\r\n\t\t\t\t\t\t\t$(\".productView-image\").append(newimg);\r\n\r\n\t\t\t\t\t\t\t$(\".test-fab-img\").on(\"error\", function () {\r\n\t\t\t\t\t\t\t\t$(this).hide();\r\n\t\t\t\t\t\t\t});\r\n\t\t\t\t\t\t});\r\n\t\t\t\t\t}\r\n\t\t\t}\r\n\t\t\telse{\r\n\t\t\t\tvar newimg = \"<img class='test-fab-img' style='height:100%;z-index:4;' src='https://cdn11.bigcommerce.com/s-n1keky2ro6/content/products/\" + res2 + \".jpg' onerror='imgError(this);' />\";\r\n\t\t\t\t$(\".test-fab-img\").remove();\r\n\t\t\t\t$(\".productView-image\").append(newimg);\r\n\t\t\t\t\r\n\t\t\t\t$(\".test-fab-img\").on(\"error\", function () {\r\n\t\t\t\t\t$(this).hide();\r\n\t\t\t\t});\r\n\t\t\t}\r\n\r\n\t\t});\r\n\r\n\r\n\r\n\t\t$(\".solidcolor select\").bind(\"change\", function () {\r\n\t\t\tvar thumb = $(this).find(\":selected\").text().toLowerCase();\r\n\t\t\tvar nail = thumb.replace(\" \", \"_\");\r\n\t\t\tvar nail1 = nail.replace(\" \", \"_\");\r\n\t\t\tvar nail2 = nail1.replace(\"'\", \"\");\r\n\t\t\t$(\".productView-thumbnail img[src*='\" + nail2 + \"']\").trigger(\"click\")\r\n\t\t});\r\n\r\n\t\t//script to change the product main image\r\n\t\t//table color as 2nd color options\r\n\t\t$(\".tabletopcolor select\").bind(\"change\", function () {\r\n\t\r\n\t\t\t\tvar colorselected = $(\".framecolor select\").find(\":selected\");\r\n\t\t\t\tvar color1 = $(\".framecolor select\").find(\":selected\").text();\r\n\t\t\t\tvar colorval = $(\".framecolor select\").find(\":selected\").val();\r\n\r\n\t\t\t\t\t\r\n\r\n\r\n\t\t\t\t\tif ($(\".tabletopcolor select\").find(\":selected\").text() != color1) {\r\n\r\n\t\t\t\t\t\tvar oldimgsrc = $('.productView-img-container img').attr('src');\r\n\t\t\t\t\t\t$(\".framecolor .framecolor option\").each(function () {\r\n\t\t\t\t\t\t\tif ($(this).html() == $(\".tabletopcolor select\").find(\":selected\").text()) {\r\n\t\t\t\t\t\t\t$(\".framecolor select\").find(\":selected\").val($(this).val());\r\n\t\t\t\t\t\t\t\r\n\t\t\t\t\t\t\t\treturn;\r\n\t\t\t\t\t\t\t}\r\n\t\t\t\t\t\t});\r\n\t\t\t\t\t\t$('.productView-img-container img').on('load', function () {\r\n\t\t\t\t\t\t\tvar newimg = \"<img class='test-fab-img' style='padding:0' src='\" + $('.productView-img-container a').attr('href') + \"' />\";\r\n\t\t\t\t\t\t\t$(\".test-fab-img\").remove();\r\n\r\n\r\n\t\t\t\t\t\t\t$(\".framecolor option\").each(function () {\r\n\r\n\t\t\t\t\t\t\t\t$(this).removeAttr('selected');\r\n\t\t\t\t\t\t\t});\r\n\r\n\t\t\t\t\t\t\t$(\".framecolor option\").each(function () {\r\n\t\t\t\t\t\t\t\tif ($(this).html() == color1) {\r\n\t\t\t\t\t\t\t\t\tcolorselected.val(colorval);\r\n\t\t\t\t\t\t\t\t\treturn;\r\n\t\t\t\t\t\t\t\t}\r\n\t\t\t\t\t\t\t});\r\n\t\t\t\t\t\t\t$(\".frameclone\").remove();\r\n\r\n\t\t\t\t\t\t\t$(\".form-select--small.framecolor\").show();\r\n\t\t\t\t\t\t});\r\n\r\n\t\t\t\t\t}\r\n\r\n\r\n\r\n\t\t\t\r\n\r\n\r\n\t\t});\r\n\r\n\t\t//when slat color available\t\t\r\n\t\t$(\".slats.color select\").bind(\"change\", function () {\r\n\r\n\t\t\t\tvar colorselected1 = $(\".framecolor select\").find(\":selected\");\r\n\t\t\t\tvar color11 = $(\".framecolor select\").find(\":selected\").text();\r\n\t\t\t\tvar colorval1 = $(\".framecolor select\").find(\":selected\").val();\r\n\t\t\t\tif ($(\".cushion select\").find(\":selected\").text().toLowerCase() != \"yes\") {\r\n\t\t\t\t\t$(\".cushion option\").each(function () {\r\n\t\t\t\t\t\tif ($(this).html().toLowerCase() == \"no\") {\r\n\t\t\t\t\t\t\t$(this).prop('selected', true);\r\n\t\t\t\t\t\t\treturn;\r\n\t\t\t\t\t\t}\r\n\t\t\t\t\t});\r\n\t\t\t\t}\t\t\r\n\r\n\r\n\t\t\t\t\tif ($(\".slats.color select\").find(\":selected\").text() != color11) {\r\n\r\n\t\t\t\t\t\tvar oldimgsrc = $('.productView-img-container img').attr('src');\r\n\t\t\t\t\t\t$(\".framecolor .framecolor option\").each(function () {\r\n\t\t\t\t\t\t\tif ($(this).html() == $(\".slats.color select\").find(\":selected\").text()) {\r\n\t\t\t\t\t\t\t$(\".framecolor select\").find(\":selected\").val($(this).val());\r\n\t\t\t\t\t\t\t\r\n\t\t\t\t\t\t\t\treturn;\r\n\t\t\t\t\t\t\t}\r\n\t\t\t\t\t\t});\r\n\t\t\t\t\t\t$('.productView-img-container img').on('load', function () {\r\n\t\t\t\t\t\t\tvar newimg = \"<img class='test-fab-img' style='padding:0' src='\" + $('.productView-img-container a').attr('href') + \"' />\";\r\n\t\t\t\t\t\t\t$(\".test-fab-img\").remove();\r\n\r\n\r\n\t\t\t\t\t\t\t$(\".framecolor option\").each(function () {\r\n\r\n\t\t\t\t\t\t\t\t$(this).removeAttr('selected');\r\n\t\t\t\t\t\t\t});\r\n\r\n\t\t\t\t\t\t\t$(\".framecolor option\").each(function () {\r\n\t\t\t\t\t\t\t\tif ($(this).html() == color11) {\r\n\t\t\t\t\t\t\t\t\tcolorselected1.val(colorval1);\r\n\t\t\t\t\t\t\t\t\treturn;\r\n\t\t\t\t\t\t\t\t}\r\n\t\t\t\t\t\t\t});\r\n\t\t\t\t\t\t\t$(\".frameclone\").remove();\r\n\r\n\t\t\t\t\t\t\t$(\".form-select--small.framecolor\").show();\r\n\t\t\t\t\t\t});\r\n\r\n\t\t\t\t\t}\r\n\r\n\r\n\r\n\r\n\t\t});\r\n\r\n\r\n\t\t//when image thumbnail click\r\n\t\t$('.productView-thumbnails img').click(function () {\r\n\t\t\t$('.productView-img-container img').on('load', function () {\r\n\t\t\t\t$(\".test-fab-img\").remove();\r\n\t\t\t});\r\n\t\t});\r\n\r\n\r\n\t\t// Cushion Fabric Selector\r\n\t\tif ($(this).contents().find('.form-field .form-label:contains(\"Fabrics\")').length > 0) {\r\n\t\t\t_cushionFabrics = $(this).contents().find('.form-field .form-label:contains(\"Fabrics\")')\r\n\t\t\t_defaultFabric = _dataFabric = _cushionFabrics.parent('.form-field').find('.form-option.form-option-swatch:eq(0) span').attr('title');\r\n\t\t\t_cushionFabrics.parent('.form-field').find('select').bind(\"change\", function () {\r\n\r\n\r\n\t\t\t});\r\n\r\n\t\t\t// Cushion Option Selector\r\n\t\t\tif ($(this).contents().find('.form-field .form-label:contains(\"Cushion\")').length > 0) {\r\n\r\n\t\t\t\t_cushionFabrics.parent('.form-field').hide();\r\n\t\t\t\t_cushionOption = $(this).contents().find('.form-field.cushion .form-label:contains(\"Cushion\")');\r\n\t\t\t\t_cushionOption.parent('.form-field').find('select').bind(\"change\", function () {\r\n\t\t\t\t\tframeClone = $(\".framecolor .framecolor\").clone();\r\n\t\t\t\t\tif ($(this).find(\":selected\").text() == \"Yes\") {\r\n\t\t\t\t\t\t_cushionFabrics.parent('.form-field').find('.form-option.form-option-swatch').hide();\r\n\t\t\t\t\t\t_cushionFabrics.parent('.form-field').find('.form-option.form-option-swatch span.form-option-variant').each(function (index) {\r\n\t\t\t\t\t\t\tif (incaseInArray($(this).attr('title'), _cushionData[\"Yes\"]) == false) {\r\n\t\t\t\t\t\t\t\t$(this).parent('.form-option.form-option-swatch').show();\r\n\r\n\t\t\t\t\t\t\t}\r\n\t\t\t\t\t\t});\r\n\r\n\r\n\t\t\t\t\t\t$(\".fabrics option\").each(function () {\r\n\t\t\t\t\t\t\t$(this).removeAttr('selected');\r\n\t\t\t\t\t\t});\r\n\r\n\t\t\t\t\t\t$(\".fabrics option\").each(function () {\r\n\t\t\t\t\t\t\tif ($(this).html().toLowerCase() == \"view options\") {\r\n\t\t\t\t\t\t\t\t$(this).prop('selected', true);\r\n\t\t\t\t\t\t\t\treturn;\r\n\t\t\t\t\t\t\t}\r\n\t\t\t\t\t\t});\r\n\r\n\r\n\t\t\t\t\t\t\r\n\r\n\t\t\t\t\t\t\t\r\n\t\t\t\t\t\t\t$('.productView-img-container img').on('load', function () {\r\n\t\t\t\t\t\t\t\tvar newimg = \"<img class='test-fab-img' style='padding:0' src='\" + $('.productView-img-container a').attr('href') + \"' />\";\r\n\t\t\t\t\t\t\t\t$(\".test-fab-img\").remove();\r\n\r\n\r\n\r\n\t\t\t\t\t\t\t\t$(\".productView-image\").append(newimg);\r\n\r\n\t\t\t\t\t\t\t});\r\n\r\n\r\n\r\n\r\n\t\t\t\t\t\t_cushionFabrics.parent('.form-field').slideDown();\r\n\t\t\t\t\t} else if ($(this).find(\":selected\").text() == \"Yes - 2 Seat Cushion\") {\r\n\t\t\t\t\t\t_cushionFabrics.parent('.form-field').find('.form-option.form-option-swatch').hide();\r\n\t\t\t\t\t\t_cushionFabrics.parent('.form-field').find('.form-option.form-option-swatch span.form-option-variant').each(function (index) {\r\n\t\t\t\t\t\t\tif (incaseInArray($(this).attr('title'), _cushionData[\"Yes\"]) == false) {\r\n\t\t\t\t\t\t\t\t$(this).parent('.form-option.form-option-swatch').show();\r\n\r\n\t\t\t\t\t\t\t}\r\n\t\t\t\t\t\t});\r\n\r\n\r\n\t\t\t\t\t\t_cushionFabrics.parent('.form-field').slideDown();\r\n\r\n\r\n\t\t\t\t\t} else {\r\n\t\t\t\t\t\t_cushionFabrics.parent('.form-field').find('.form-option.form-option-swatch').hide();\r\n\r\n\t\t\t\t\t\t$(\".custom-desc\").css(\"margin-top\", 0);\r\n\t\t\t\t\t\t$(\".test-fab-img\").hide();\r\n\t\t\t\t\t\t$(\".fabriclabel\").hide();\r\n\t\t\t\t\t\t_cushionFabrics.parent('.form-field').hide();\r\n\t\t\t\t\t\t$(\".fabrics option\").each(function () {\r\n\t\t\t\t\t\t\tif ($(this).html().toLowerCase() == \"none\") {\r\n\t\t\t\t\t\t\t\t$(this).prop('selected', true);\r\n\t\t\t\t\t\t\t\treturn;\r\n\t\t\t\t\t\t\t}\r\n\t\t\t\t\t\t});\r\n\r\n\r\n\t\t\t\t\t\t\t$('.productView-img-container img').on('load', function () {\r\n\t\t\t\t\t\t\t\tvar newimg = \"<img class='test-fab-img' style='padding:0' src='\" + $('.productView-img-container a').attr('href') + \"' />\";\r\n\t\t\t\t\t\t\t\t$(\".test-fab-img\").remove();\r\n\r\n\r\n\r\n\t\t\t\t\t\t\t\t\r\n\r\n\t\t\t\t\t\t\t\t$(\".form-select--small.framecolor\").show();\r\n\r\n\r\n\t\t\t\t\t\t\t});\r\n\r\n\t\t\t\t\t\t\r\n\r\n\r\n\t\t\t\t\t\tif ($('.solidcolor').length > 0) {\r\n\t\t\t\t\t\t\t$('.productView-img-container img').on('load', function () {\r\n\t\t\t\t\t\t\t\t$(\".test-fab-img\").remove();\r\n\t\t\t\t\t\t\t});\r\n\r\n\t\t\t\t\t\t}\r\n\r\n\t\t\t\t\t}\r\n\r\n\t\t\t\t});\r\n\r\n\r\n\t\t\t}\r\n\t\t}\r\n\r\n\r\n\t\t//Products with two tone options\r\n\t\tvar colorPattern = \"\";\r\n\t\tvar solidColor = \"\";\r\n\t\tvar frameColor = \"\";\r\n\t\tvar slatsColor = \"\";\r\n\t\tvar text1 = 'White';\r\n\t\tif ($(this).contents().find('.form-field .form-label:contains(\"Color Pattern\")').length > 0) {\r\n\r\n\t\t\tsolidColor = $(this).contents().find('.form-field .form-label:contains(\"Solid Color\")');\r\n\t\t\tframeColor = $(this).contents().find('.form-field .form-label:contains(\"Frame Color\")');\r\n\t\t\tslatsColor = $(this).contents().find('.form-field .form-label:contains(\"Table Top Color\")');\r\n\t\t\tsolidColor.parent('.form-field').hide();\r\n\t\t\tframeColor.parent('.form-field').hide();\r\n\t\t\tslatsColor.parent('.form-field').hide();\r\n\t\t\tcolorPattern = $(this).contents().find('.form-field .form-label:contains(\"Color Pattern\")');\r\n\t\t\tcolorPattern.parent('.form-field').find('select').bind(\"change\", function () {\r\n\t\t\t\tif ($(this).find(\":selected\").text() == \"Solid Color\") {\r\n\t\t\t\t\tsolidColor.parent('.form-field').slideDown();\r\n\t\t\t\t\tframeColor.parent('.form-field').hide();\r\n\t\t\t\t\tslatsColor.parent('.form-field').hide();\r\n\r\n\t\t\t\t\t$(\".framecolor option\").each(function () {\r\n\t\t\t\t\t\tif ($(this).html().toLowerCase() == \"none\") {\r\n\t\t\t\t\t\t\t$(this).prop('selected', true);\r\n\t\t\t\t\t\t\treturn;\r\n\t\t\t\t\t\t}\r\n\t\t\t\t\t});\r\n\t\t\t\t\t$(\".tabletopcolor option\").each(function () {\r\n\t\t\t\t\t\tif ($(this).html().toLowerCase() == \"none\") {\r\n\t\t\t\t\t\t\t$(this).prop('selected', true);\r\n\t\t\t\t\t\t\treturn;\r\n\t\t\t\t\t\t}\r\n\t\t\t\t\t});\r\n\r\n\r\n\t\t\t\t\t$(\".solidcolor option\").each(function () {\r\n\t\t\t\t\t\tif ($(this).html().toLowerCase() == \"none\") {\r\n\t\t\t\t\t\t\t$(this).removeAttr('selected');\r\n\t\t\t\t\t\t\treturn;\r\n\t\t\t\t\t\t}\r\n\t\t\t\t\t});\r\n\t\t\t\t\t$(\".solidcolor option\").each(function () {\r\n\t\t\t\t\t\tif ($(this).html().toLowerCase() == \"view options\") {\r\n\t\t\t\t\t\t\t$(this).prop('selected', true);\r\n\t\t\t\t\t\t\treturn;\r\n\t\t\t\t\t\t}\r\n\t\t\t\t\t});\r\n\r\n\r\n\t\t\t\t} else if ($(this).find(\":selected\").text() == \"Two Tone\") {\r\n\t\t\t\t\tframeColor.parent('.form-field').slideDown();\r\n\t\t\t\t\tslatsColor.parent('.form-field').slideDown();\r\n\t\t\t\t\tsolidColor.parent('.form-field').hide();\r\n\r\n\r\n\t\t\t\t\t$(\".solidcolor option\").each(function () {\r\n\t\t\t\t\t\tif ($(this).html().toLowerCase() == \"none\") {\r\n\t\t\t\t\t\t\t$(this).prop('selected', true);\r\n\t\t\t\t\t\t\treturn;\r\n\t\t\t\t\t\t}\r\n\t\t\t\t\t});\r\n\r\n\r\n\t\t\t\t\t$(\".framecolor option\").each(function () {\r\n\t\t\t\t\t\tif ($(this).html().toLowerCase() == \"none\") {\r\n\t\t\t\t\t\t\t$(this).removeAttr('selected');\r\n\t\t\t\t\t\t\treturn;\r\n\t\t\t\t\t\t}\r\n\t\t\t\t\t});\r\n\t\t\t\t\t$(\".tabletopcolor option\").each(function () {\r\n\t\t\t\t\t\tif ($(this).html().toLowerCase() == \"none\") {\r\n\t\t\t\t\t\t\t$(this).removeAttr('selected');\r\n\t\t\t\t\t\t\treturn;\r\n\t\t\t\t\t\t}\r\n\t\t\t\t\t});\r\n\r\n\t\t\t\t\t$(\".framecolor option\").each(function () {\r\n\t\t\t\t\t\tif ($(this).html().toLowerCase() == \"view options\") {\r\n\t\t\t\t\t\t\t$(this).prop('selected', true);\r\n\t\t\t\t\t\t\treturn;\r\n\t\t\t\t\t\t}\r\n\t\t\t\t\t});\r\n\t\t\t\t\t$(\".tabletopcolor option\").each(function () {\r\n\t\t\t\t\t\tif ($(this).html().toLowerCase() == \"view options\") {\r\n\t\t\t\t\t\t\t$(this).prop('selected', true);\r\n\t\t\t\t\t\t\treturn;\r\n\t\t\t\t\t\t}\r\n\t\t\t\t\t});\r\n\r\n\r\n\t\t\t\t} else {\r\n\r\n\t\t\t\t\tsolidColor.parent('.form-field').hide();\r\n\t\t\t\t\tframeColor.parent('.form-field').hide();\r\n\t\t\t\t\tslatsColor.parent('.form-field').hide();\r\n\r\n\t\t\t\t}\r\n\t\t\t});\r\n\r\n\r\n\r\n\r\n\t\t\t\t\t$(\".solidcolor select\").bind(\"change\", function () {\r\n\t\t\tvar thumb = $(this).find(\":selected\").text().toLowerCase();\r\n\t\t\tvar nail = thumb.replace(\" \", \"_\");\r\n\t\t\tvar nail1 = nail.replace(\" \", \"_\");\r\n\t\t\tvar nail2 = nail1.replace(\"'\", \"\");\r\n\t\t\t$(\".productView-thumbnail img[src*='\" + nail2 + \"']\").trigger(\"click\")\r\n\t\t});\r\n\r\n\t\t}\r\n\r\n\r\n\t\t//hiding All None Option\r\n\t\t$(\"select option\").each(function () {\r\n\t\t\tif ($(this).html() == \"None\") {\r\n\t\t\t\t$(this).hide();\r\n\t\t\t\treturn;\r\n\t\t\t}\r\n\t\t});\r\n\r\n\r\n\t\t$(\"select option\").each(function () {\r\n\t\t\tif ($(this).html() == \"none\") {\r\n\t\t\t\t$(this).hide();\r\n\t\t\t\treturn;\r\n\t\t\t}\r\n\t\t});\r\n\r\n\t\tif ($(\".productView-options-inner .form-field\").length < 2) {\r\n\t\t\t$(\".form-field select option\").each(function () {\r\n\t\t\t\tif ($(this).html() == \"None\") {\r\n\t\t\t\t\t$(this).hide();\r\n\t\t\t\t\treturn;\r\n\t\t\t\t}\r\n\t\t\t});\r\n\t\t}\r\n\t\t//Hiding Specs tab without any value\r\n\t\tif ($(\"#tab-additional table tr\").length < 1) {\r\n\t\t\t$(\"#tab-additional\").hide();\r\n\t\t\t$(this).contents().find('span:contains(\"Specifications\")').hide();\r\n\t\t}\r\n\r\n\t\tvar specheight = Math.abs($(\".specs-height\").text()) + '\"';\r\n\r\n\t\tvar specWidth = Math.abs($(\".specs-width\").text()) + '\"';\r\n\r\n\t\tvar specDepth = Math.abs($(\".specs-depth\").text()) + '\"';\r\n\t\t$(\".specs-height\").text(specheight);\r\n\t\t$(\".specs-width\").text(specWidth);\r\n\t\t$(\".specs-depth\").text(specDepth);\r\n\r\n\r\n\t\t\tif ($(\".specs-assembly\").text().toLowerCase().indexOf(\"content\") > 0){\r\n\t\t\t\r\n\t\t\t\tvar newAssembly = '<a href=\"' + $(\".specs-assembly\").text() + '\">Download</a>';\r\n\t\t\t\t\r\n\t\t\t\t\r\n\t\t\t\t$(\".specs-assembly\").text(\"\");\r\n\t\t\t\t\r\n\t\t\t\t$(\".specs-assembly\").append(newAssembly);\r\n\t\t\t\r\n\t\t\t\r\n\t\t\t\r\n\t\t\t\r\n\t\t\t}\r\n\r\n\r\n\r\n\t\t$(\".lazyautosizes\").click(function () {\r\n\r\n\t\t\t$(\".test-fab-img\").hide();\r\n\t\t});\r\n\r\n\t\t$(\".form-option-variant\").click(function () {\r\n\r\n\t\t\t$(\".productView-product\").scrollTop(580);\r\n\r\n\t\t});\r\n\t\t$(\".tab-desc\").click(function () {\r\n\t\t\t$('html, body').animate({\r\n\t\t\t\tscrollTop: $(\"#tab-desc\").offset().top - ($(\".header\").height() + $(\"#menu\").height() + $(\".custom-tab\").height() + 20)\r\n\t\t\t}, 1000)\r\n\t\t});\r\n\t\t$(\".tab-additional\").click(function () {\r\n\t\t\t$('html, body').animate({\r\n\t\t\t\tscrollTop: $(\"#tab-additional\").offset().top - ($(\".header\").height() + $(\"#menu\").height() + $(\".custom-tab\").height() + 20)\r\n\t\t\t}, 1000)\r\n\r\n\t\t});\r\n\t\t$(\".tab-reviews\").click(function () {\r\n\t\t\t$('html, body').animate({\r\n\t\t\t\tscrollTop: $(\"#tab-reviews\").offset().top - ($(\".header\").height() + $(\"#menu\").height() + $(\".custom-tab\").height() + 20)\r\n\t\t\t}, 1000)\r\n\t\t});\r\n\t\t$(\".tab-info-merchant\").click(function () {\r\n\t\t\t$('html, body').animate({\r\n\t\t\t\tscrollTop: $(\"#tab-info-merchant\").offset().top - ($(\".header\").height() + $(\"#menu\").height() + $(\".custom-tab\").height() + 20)\r\n\t\t\t}, 1000)\r\n\t\t});\r\n\t\t$(\".tab-info-wnm\").click(function () {\r\n\t\t\t$('html, body').animate({\r\n\t\t\t\tscrollTop: $(\"#tab-info-wnm\").offset().top - ($(\".header\").height() + $(\"#menu\").height() + $(\".custom-tab\").height() + 20)\r\n\t\t\t}, 1000)\r\n\t\t});\r\n\t\t$(\".tab-info-finishes\").click(function () {\r\n\t\t\t$('html, body').animate({\r\n\t\t\t\tscrollTop: $(\"#tab-info-finishes\").offset().top - ($(\".header\").height() + $(\"#menu\").height() + $(\".custom-tab\").height() + 20)\r\n\t\t\t}, 1000)\r\n\t\t});\r\n\t\t$('h2:contains(\"Short Description\")').hide();\r\n\t\t$('h2:contains(\"Description\")').hide();\r\n\r\n\r\n\t\tvar addcost = 0;\r\n\t\tvar defsave = Math.abs($(\".productView-price .save-label .price--saving\").text().replace(\"$\", \"\"));\r\n\t\tvar defprice = Math.abs($(\".productView-price #defprice\").text().replace(\"$\", \"\"));\r\n\t\tvar newprice = \"\";\r\n\t\tvar newsavelabel = \"\";\r\n\t\tvar splitoption = \"\";\r\n\t\t$(\".benchsize select\").bind(\"change\", function () {\r\n\t\t\t//$(\".saveover\").empty();\r\n\t\t\t//$(\".saveover\").hide();\r\n\t\t\t// splitoption = $(this).find(\":selected\").text().split(\"+\");\r\n\t\t\t// if ($(\".framecolor select\").prop('selectedIndex') < 1) {\r\n\t\t\t\t// if (splitoption.length > 1) {\r\n\t\t\t\t\t //addcost = Math.abs(splitoption[1].replace(\"$\", \"\"));\r\n\t\t\t\t\t//newprice = \"$\" + (defprice + addcost) + \".00\";\r\n\t\t\t\t//\tnewsavelabel = \"$\" + (defsave - addcost) + \".00\";\r\n\t\t\t\t//\tsetTimeout(\r\n\t\t\t\t//\t\tfunction () {\r\n\t\t\t\t//\t\t\t$(\".productView-price .save-label .price--saving\").text(newsavelabel);\r\n\t\t\t\t//\t\t\t$(\"#defprice\").text(newprice);\r\n\r\n\t\t\t\t//\t\t}, 2000);\r\n\t\t\t\t\t//$(\".saveover\").append(newsavelabel);\r\n\t\t\t\t\t//$(\".saveover\").show();\r\n\t\t\t//\t}\r\n\t\t//\t}\r\n\t\t});\r\n\t\t\r\n\t\tvar addcost = 0;\r\n\t\tvar defsave = Math.abs($(\".productView-price .save-label .price--saving\").text().replace(\"$\", \"\"));\r\n\t\tvar defprice = Math.abs($(\".productView-price #defprice\").text().replace(\"$\", \"\"));\r\n\t\tvar saleprice1= 0 ;\r\n\t\t\r\n\t\tvar saveprice1= 0 ;\r\n\t\tvar newprice = \"\";\r\n\t\tvar newsavelabel = \"\";\r\n\t\tvar splitoption = \"\";\r\n\t\t\r\n\t\t$(\".productView-price #defprice\").on('DOMSubtreeModified', function () {\r\n\t\t\tvar saleprice = Math.abs($(\".productView-price #saleprice\").text().replace(\"$\", \"\").replace(\",\", \"\"));\r\n\t\t\tvar defprice =  Math.abs($(\".productView-price #defprice\").text().replace(\"$\", \"\").replace(\",\", \"\"));\r\n\t\t\tvar saveprice =  Math.abs($(\".productView-price .save-label .price--saving\").text().replace(\"$\", \"\").replace(\",\", \"\"));\r\n\t\t\t\r\n\t\t\tif (saleprice1 == 0 ) {\r\n\t\t\t\tsaleprice1 = saleprice;\r\n\t\t\t\r\n\t\t\t}\r\n\t\t\t\r\n\t\t\tif (saveprice1 == 0 ) {\r\n\t\t\t\tsaveprice1= saveprice;\r\n\t\t\t\r\n\t\t\t}\r\n\t\t\t\r\n\t\t\tif($('.benchsize select').length > 0){\r\n\t\t\tsplitoption = $('.benchsize select').find(\":selected\").text().split(\"+\");\r\n\t\t\t}\r\n\t\t\t\r\n\t\t\tif($('.withwheels select').length > 0){\r\n\t\t\tsplitoption = $('.withwheels select').find(\":selected\").text().split(\"+\");\r\n\t\t\t}\r\n\t\t\t\r\n\t\t\t\r\n\t\t\tif ($(\".framecolor select\").prop('selectedIndex') < 1) {\r\n\t\t\t\t if (splitoption.length > 1) {\r\n\t\t\t\t\t addcost = Math.abs(splitoption[1].replace(\"$\", \"\"));\r\n\t\t\t\t\t newprice = \"$\" + ((saleprice1 + addcost).toFixed(2));\r\n\t\t\t\t\t newsavelabel = \"$\" + ((saveprice1 - addcost).toFixed(2));\r\n\t\t\t\t\t$(\".price.price--saving\").text(newsavelabel);\r\n\t\t\t\t\t$(\".productView-price #saleprice\").text(newprice);\r\n\t\t\t}\r\n\t\t\t}else{\r\n\t\t\t\r\n\t\t\t$(\".saveover\").empty();\r\n\t\t\t$(\".saveover\").hide();\r\n\t\t\t\r\n\t\t\t\r\n\t\t\t$(\".price.price--saving\").text('$' + ((defprice - saleprice).toFixed(2)));\r\n\t\t\t}\r\n\t\t\t});\r\n\t\t\t\r\n\t\t\r\n\t\t\r\n\r\n\t});\r\n\r\n\r\n\r\n</script>\r\n\r\n<!-- Option Tweak -->\r\n",
  "store-custom/components/products/options/date": "<div class=\"form-field\" data-product-attribute=\"date\">\r\n    <label class=\"form-label form-label--alternate form-label--inlineSmall\" {{#if style}}style=\"{{style}}\" {{/if}}>\r\n        {{this.display_name}}:\r\n\r\n        {{#if required}}\r\n            <small>{{lang 'common.required'}}</small>\r\n        {{/if}}\r\n    </label>\r\n    <select class=\"form-select form-select--date\" name=\"attribute[{{this.id}}][month]\" {{#if required}}required{{/if}}>\r\n        <option value=\"\">{{lang 'common.month'}}</option>\r\n        {{#for 1 12}}\r\n            <option value=\"{{$index}}\" {{#if ../selected_date.month '==' $index}}selected=\"selected\"{{/if}}>\r\n                {{lang (concat 'common.short_months.' $index)}}\r\n            </option>\r\n        {{/for}}\r\n    </select>\r\n    <select class=\"form-select form-select--date\" name=\"attribute[{{this.id}}][day]\" {{#if required}}required{{/if}}>\r\n        <option value=\"\">{{lang 'common.day'}}</option>\r\n        {{#for 1 31}}\r\n            <option value=\"{{$index}}\" {{#if ../selected_date.day '==' $index}}selected=\"selected\"{{/if}}>\r\n                {{$index}}\r\n            </option>\r\n        {{/for}}\r\n    </select>\r\n    <select class=\"form-select form-select--date\" name=\"attribute[{{this.id}}][year]\" {{#if required}}required{{/if}}>\r\n        <option value=\"\">{{lang 'common.year'}}</option>\r\n        {{#for earliest_year latest_year}}\r\n            <option value=\"{{$index}}\" {{#if ../selected_date.year '==' $index}}selected=\"selected\"{{/if}}>\r\n                {{$index}}\r\n            </option>\r\n        {{/for}}\r\n        {{#if earliest_year '==' latest_year}}\r\n        <option value=\"{{earliest_year}}\" selected=\"selected\">{{earliest_year}}</option>\r\n        {{/if}}\r\n    </select>\r\n</div>\r\n",
  "store-custom/components/products/options/input-checkbox": "<div class=\"form-field\" data-product-attribute=\"input-checkbox\">\r\n    <label class=\"form-label form-label--alternate form-label--inlineSmall\">\r\n        {{display_name}}:\r\n\r\n        {{#if required}}\r\n            <small>{{lang 'common.required'}}</small>\r\n        {{/if}}\r\n    </label>\r\n    <input type=\"hidden\" name=\"attribute[{{id}}]\" value=\"{{noValue}}\" />\r\n    <input\r\n        class=\"form-checkbox\"\r\n        type=\"checkbox\"\r\n        name=\"attribute[{{id}}]\"\r\n        id=\"attribute-check-{{id}}\"\r\n        value=\"{{value}}\"\r\n        {{#if checked}}\r\n            checked\r\n            data-default\r\n        {{/if}}\r\n        {{#if required}}required{{/if}}>\r\n\r\n    <label class=\"form-label {{class}}\" for=\"attribute-check-{{id}}\">{{label}}</label>\r\n</div>\r\n",
  "store-custom/components/products/options/input-file": "<div class=\"form-field\" data-product-attribute=\"input-file\">\r\n    <label class=\"form-label form-label--alternate form-label--inlineSmall\" for=\"attribute_file_{{id}}\">\r\n        {{ this.display_name }}:\r\n\r\n        {{#if required}}\r\n            <small>{{lang 'common.required'}}</small>\r\n        {{/if}}\r\n    </label>\r\n\r\n    <input class=\"form-file\" type=\"file\" id=\"attribute_file_{{id}}\" name=\"attribute[{{this.id}}]\" {{#if required}}required{{/if}}>\r\n    {{#if original_name}}\r\n        {{{lang 'products.file_option_set' url=file_url name=original_name}}}\r\n        <label>{{lang 'cart.remove_file'}}<input type=\"checkbox\" name=\"{{file_remove}}\"></label>\r\n    {{/if}}\r\n    <p class=\"form-fileDescription\">{{#if file_size}}{{lang 'products.max_filesize'}} <strong>{{file_size}}</strong>, {{/if}}{{#if file_types}}{{lang 'products.filetypes'}} <strong>{{file_types}}</strong>{{/if}}</p>\r\n\r\n</div>\r\n",
  "store-custom/components/products/options/input-numbers": "<div class=\"form-field\" data-product-attribute=\"input-number\">\r\n    <label class=\"form-label form-label--alternate form-label--inlineSmall\" for=\"attribute_number_{{id}}\">\r\n        {{ this.display_name }}:\r\n\r\n        {{#if required}}\r\n            <small>{{lang 'common.required'}}</small>\r\n        {{/if}}\r\n    </label>\r\n\r\n    <input class=\"form-input\" type=\"number\" id=\"attribute_number_{{id}}\" {{#unless this.integer_only}}step=\"any\"{{/unless}} name=\"attribute[{{this.id}}]\" value=\"{{this.prefill}}\" {{#if required}}required{{/if}}>\r\n</div>\r\n",
  "store-custom/components/products/options/input-text": "<div class=\"form-field\" data-product-attribute=\"input-text\">\r\n    <label class=\"form-label form-label--alternate form-label--inlineSmall\" for=\"attribute_text_{{id}}\">\r\n        {{ this.display_name }}:\r\n\r\n        {{#if required}}\r\n            <small>{{lang 'common.required'}}</small>\r\n        {{/if}}\r\n    </label>\r\n\r\n    <input class=\"form-input form-input--small\" type=\"text\" id=\"attribute_text_{{id}}\" name=\"attribute[{{this.id}}]\" value=\"{{this.prefill}}\" {{#if required}}required{{/if}} {{#if max_length}}maxlength=\"{{max_length}}\"{{/if}}>\r\n</div>\r\n",
  "store-custom/components/products/options/product-list": "<div class=\"form-field\" data-product-attribute=\"product-list\">\r\n    <label class=\"form-label form-label--alternate form-label--inlineSmall\">\r\n        {{display_name}}:\r\n        <span data-option-value></span>\r\n\r\n        {{#if required}}\r\n            <small>{{lang 'common.required'}}</small>\r\n        {{/if}}\r\n    </label>\r\n\r\n    {{#if values.0.image}}\r\n        <ul class=\"productOptions-list\">\r\n            {{#unless required}}\r\n                <li class=\"productOptions-list-item\">\r\n                    <input class=\"form-radio\"\r\n                           type=\"radio\"\r\n                           name=\"attribute[{{id}}]\"\r\n                           value=\"0\"\r\n                           id=\"attribute_productlist_0_{{id}}\"\r\n                           checked=\"{{#if defaultValue '==' 0}}checked{{/if}}\" required>\r\n                    <label class=\"form-label\" for=\"attribute_productlist_0_{{id}}\">{{lang 'products.none'}}</label>\r\n                </li>\r\n            {{/unless}}\r\n            {{#each values}}\r\n                <li class=\"productOptions-list-item\" data-product-attribute-value=\"{{id}}\">\r\n                    {{#if image}}\r\n                        <figure class=\"productOptions-list-item-figure\">\r\n                            <img class=\"productOptions-list-item-image lazyload\" data-sizes=\"auto\" src=\"{{cdn 'img/loading.svg'}}\" data-src=\"{{getImage image 'productthumb_size'}}\" alt=\"{{image.alt}}\" title=\"{{image.alt}}\">\r\n                        </figure>\r\n                    {{/if}}\r\n                    <div class=\"productOptions-list-item-content\">\r\n                        <input\r\n                            class=\"form-radio\"\r\n                            type=\"radio\"\r\n                            name=\"attribute[{{../id}}]\"\r\n                            value=\"{{id}}\"\r\n                            id=\"attribute_productlist_{{../id}}_{{id}}\"\r\n                            {{#if selected}}\r\n                                checked\r\n                                data-default\r\n                            {{/if}}\r\n                            {{#if ../required}}required{{/if}}>\r\n                        <label data-product-attribute-value=\"{{id}}\" class=\"form-label\" for=\"attribute_productlist_{{../id}}_{{id}}\">{{label}}</label>\r\n                    </div>\r\n                </li>\r\n            {{/each}}\r\n        </ul>\r\n    {{else}}\r\n        {{#unless required}}\r\n        <input class=\"form-radio\"\r\n               type=\"radio\"\r\n               name=\"attribute[{{id}}]\"\r\n               value=\"0\"\r\n               id=\"attribute_productlist_0_{{id}}\"\r\n               {{#if defaultValue '==' 0}}checked{{/if}}>\r\n        <label class=\"form-label\" for=\"attribute_productlist_0_{{id}}\">{{lang 'products.none'}}</label>\r\n        {{/unless}}\r\n        {{#each values}}\r\n            <input\r\n                class=\"form-radio\"\r\n                type=\"radio\"\r\n                name=\"attribute[{{../id}}]\"\r\n                value=\"{{id}}\"\r\n                id=\"attribute_productlist_{{../id}}_{{id}}\"\r\n                {{#if selected}}checked{{/if}}\r\n                {{#if ../required}}required{{/if}}>\r\n            <label data-product-attribute-value=\"{{id}}\" class=\"form-label\" for=\"attribute_productlist_{{../id}}_{{id}}\">{{label}}</label>\r\n        {{/each}}\r\n    {{/if}}\r\n</div>\r\n",
  "store-custom/components/products/options/set-radio": "{{#and (if this.values.0.label '!==' '(Yes)') (if this.values.0.label '!==' '(Included)') }} \r\n  \r\n\t<div class=\"form-field\" data-product-attribute=\"set-radio\">\r\n\t\t<label class=\"form-label form-label--alternate form-label--inlineSmall\">\r\n\t\t\t{{ this.display_name }}:\r\n\r\n\t\t\t{{#if required}}\r\n\t\t\t\t<small>{{lang 'common.required'}}</small>\r\n\t\t\t{{/if}}\r\n\t\t</label>\r\n\r\n\t\t{{#each this.values}}\r\n\t\t\t<input\r\n\t\t\t\tclass=\"form-radio\"\r\n\t\t\t\ttype=\"radio\"\r\n\t\t\t\tid=\"attribute_radio_{{../id}}_{{id}}\"\r\n\t\t\t\tname=\"attribute[{{../id}}]\"\r\n\t\t\t\tvalue=\"{{id}}\"\r\n\t\t\t\t{{#if selected}}\r\n\t\t\t\t\tchecked\r\n\t\t\t\t\tdata-default\r\n\t\t\t\t{{/if}}\r\n\t\t\t\t{{#if ../required}}required{{/if}}>\r\n\t\t\t<label data-product-attribute-value=\"{{id}}\" class=\"form-label\" for=\"attribute_radio_{{../id}}_{{id}}\">{{this.label}}</label>\r\n\t\t{{/each}}\r\n\t</div>\r\n\r\n{{else}}\r\n\r\n\t<div class=\"form-field\" data-product-attribute=\"input-checkbox\">\r\n\t\t<label class=\"form-label form-label--alternate form-label--inlineSmall\">\r\n\t\t\t{{display_name}}:\r\n\t\t   \r\n\t\t\t{{#if required}}\r\n\t\t\t\t<small>{{lang 'common.required'}}</small>\r\n\t\t\t{{/if}}\r\n\t\t</label>\r\n\r\n\t\t{{#each this.values}}\r\n\t\t\t<input\r\n\t\t\t   class=\"form-checkbox\"\r\n\t\t\t\ttype=\"checkbox\"\r\n\t\t\t\tid=\"attribute_radio_{{../id}}_{{id}}\"\r\n\t\t\t\tname=\"attribute[{{../id}}]\"\r\n\t\t\t\tvalue=\"{{id}}\"\r\n\t\t\t\t{{#if selected}}\r\n\t\t\t\t\tchecked\r\n\t\t\t\t\tdata-default\r\n\t\t\t\t{{/if}}\r\n\t\t\t\t{{#if ../required}}required{{/if}}>\r\n\t\t\t<label data-product-attribute-value=\"{{id}}\" class=\"form-label\" for=\"attribute_radio_{{../id}}_{{id}}\"></label>\r\n\t\t{{/each}}\r\n\t</div>\r\n\r\n{{/and}}\r\n\r\n\r\n\r\n\r\n\r\n\r\n",
  "store-custom/components/products/options/set-rectangle": "<div class=\"form-field\" data-product-attribute=\"set-rectangle\">\r\n    <label class=\"form-label form-label--alternate form-label--inlineSmall\">\r\n        {{this.display_name}}:\r\n        <span data-option-value></span>\r\n        {{#if required}}\r\n            <small>{{lang 'common.required'}}</small>\r\n        {{/if}}\r\n    </label>\r\n    {{#each this.values}}\r\n        <input\r\n            class=\"form-radio\"\r\n            type=\"radio\"\r\n            id=\"attribute_rectangle__{{../id}}_{{id}}\"\r\n            name=\"attribute[{{../id}}]\"\r\n            value=\"{{id}}\"\r\n            {{#if selected}}\r\n                checked\r\n                data-default\r\n            {{/if}}\r\n            {{#if ../required}}required{{/if}}>\r\n        <label class=\"form-option\" for=\"attribute_rectangle__{{../id}}_{{id}}\" data-product-attribute-value=\"{{id}}\">\r\n            <span class=\"form-option-variant\">{{this.label}}</span>\r\n        </label>\r\n    {{/each}}\r\n</div>\r\n",
  "store-custom/components/products/options/set-select": "<div class=\"form-field {{#if this.display_name '!='  'Seat/Back Slats Color'}}{{#replace ' '  (toLowerCase  this.display_name)}}{{else}}{{toLowerCase  this.display_name}}{{/replace}}{{else}}{{toLowerCase  this.display_name}}{{/if}}\" data-product-attribute=\"set-select\">\r\n    <label class=\"form-label form-label--alternate form-label--inlineSmall\" for=\"attribute_select_{{id}}\">\r\n        {{ this.display_name }}\r\n<!--\r\n        {{#if required}}\r\n            <small>{{lang 'common.required'}}</small>\r\n        {{/if}}-->\r\n    </label>\r\n\r\n    <select class=\"form-select form-select--small  {{#replace ' '  (toLowerCase  this.display_name)}}{{else}}{{toLowerCase  this.display_name}}{{/replace}}\" name=\"attribute[{{this.id}}]\" id=\"attribute_select_{{id}}\" {{#if required}}required{{/if}}>\r\n      <option value=\"\">{{lang 'products.choose_options'}}</option>\r\n        {{#each this.values}}\r\n            <option data-product-attribute-value=\"{{id}}\" value=\"{{id}}\" {{#if selected}}selected data-default{{/if}}>{{label}}</option>\r\n        {{/each}}\r\n    </select>\r\n</div>\r\n",
  "store-custom/components/products/options/swatch": "<div class=\"form-field {{this.display_name}}\" data-product-attribute=\"swatch\" style=\"padding:32px 0;text-align:center\">\r\n    <label class=\"form-label form-label--alternate form-label--inlineSmall\">\r\n        {{this.display_name}}:\r\n        <span data-option-value></span>\r\n\r\n        {{#if required}}\r\n            <small>{{lang 'common.required'}}</small>\r\n        {{/if}}\r\n    </label>\r\n\r\n    {{#each this.values}}\r\n        <input class=\"form-radio\" type=\"radio\" name=\"attribute[{{../id}}]\" value=\"{{id}}\" id=\"attribute_swatch_{{../id}}_{{id}}\" {{#if selected}}checked data-default{{/if}} {{#if ../required}}required{{/if}}>\r\n        <label class=\"form-option form-option-swatch\" for=\"attribute_swatch_{{../id}}_{{id}}\" data-product-attribute-value=\"{{id}}\">\r\n            {{#if image}}\r\n                <span class='form-option-variant form-option-variant--pattern' title=\"{{this.label}}\" style=\"background-image: url('{{getImage image \"swatch_option_size\"}}');\"></span>\r\n            {{/if}}\r\n            {{#if data.[2]}}\r\n                <span class='form-option-variant form-option-variant--color' title=\"{{this.label}}\" style=\"background-color: #{{data.[0]}}\"></span>\r\n                <span class='form-option-variant form-option-variant--color' title=\"{{this.label}}\" style=\"background-color: #{{data.[1]}}\"></span>\r\n                <span class='form-option-variant form-option-variant--color' title=\"{{this.label}}\" style=\"background-color: #{{data.[2]}}\"></span>\r\n            {{else}}\r\n                {{#if data.[1]}}\r\n                    <span class='form-option-variant form-option-variant--color' title=\"{{this.label}}\" style=\"background-color: #{{data.[0]}}\"></span>\r\n                    <span class='form-option-variant form-option-variant--color' title=\"{{this.label}}\" style=\"background-color: #{{data.[1]}}\"></span>\r\n                {{else}}\r\n                    {{#if data.[0]}}\r\n                        <span class='form-option-variant form-option-variant--color' title=\"{{this.label}}\" style=\"background-color: #{{data.[0]}}\"></span>\r\n                    {{/if}}\r\n                {{/if}}\r\n            {{/if}}\r\n            {{#if pattern}}\r\n                <span class=\"form-option-expanded\">\r\n                    <span class=\"form-option-image\" style=\"background-image: url('{{getImage image 'core-swatch'}}');\"></span>\r\n                </span>\r\n            {{/if}}\r\n        </label>\r\n    {{/each}}\r\n</div>\r\n",
  "store-custom/components/products/options/textarea": "<div class=\"form-field\" data-product-attribute=\"textarea\">\r\n    <label class=\"form-label form-label--alternate form-label--inlineSmall\" for=\"attribute_textarea_{{id}}\">\r\n        {{display_name}}:\r\n\r\n        {{#if required}}\r\n            <small>{{lang 'common.required'}}</small>\r\n        {{/if}}\r\n    </label>\r\n\r\n    <textarea class=\"form-input\" id=\"attribute_textarea_{{id}}\" name=\"attribute[{{id}}]\" {{#if required}}required{{/if}} {{#if max_length}}maxlength={{max_length}}{{/if}}>{{prefill}}</textarea>\r\n</div>\r\n",
  "components/products/price-range": "{{#and price.retail_price_range.min.with_tax price.retail_price_range.max.with_tax}}\r\n    <div class=\"price-section price-section--withTax rrp-price--withTax\">\r\n        {{theme_settings.pdp-retail-price-label}}\r\n        <span data-product-rrp-price-with-tax class=\"price price--rrp\">{{price.retail_price_range.min.with_tax.formatted}} - {{price.retail_price_range.max.with_tax.formatted}}</span>\r\n    </div>\r\n{{else}}\r\n    {{#if price.with_tax}}\r\n        <div class=\"price-section price-section--withTax rrp-price--withTax\" style=\"display: none;\">\r\n            {{theme_settings.pdp-retail-price-label}}\r\n            <span data-product-rrp-with-tax class=\"price price--rrp\">\r\n                {{price.rrp_with_tax.formatted}}\r\n            </span>\r\n        </div>\r\n    {{/if}}\r\n{{/and}}\r\n{{#and price.price_range.min.with_tax price.price_range.max.with_tax}}\r\n    {{!-- Never display the \"non-sales price\" if there is a price range to be shown, but we do want the element on the page --}}\r\n    <div class=\"price-section price-section--withTax non-sale-price--withTax\" style=\"display: none;\">\r\n        {{theme_settings.pdp-non-sale-price-label}}\r\n        <span data-product-non-sale-price-with-tax class=\"price price--non-sale\">\r\n            {{price.non_sale_price_with_tax.formatted}}\r\n        </span>\r\n    </div>\r\n    <div class=\"price-section price-section--withTax\" {{#if schema_org}}itemprop=\"offers\" itemscope itemtype=\"http://schema.org/Offer\"{{/if}}>\r\n        <span class=\"price-label\">{{theme_settings.pdp-price-label}}</span>\r\n        <span class=\"price-now-label\" style=\"display: none;\">{{theme_settings.pdp-sale-price-label}}</span>\r\n        <span data-product-price-with-tax class=\"price price--withTax\">{{price.price_range.min.with_tax.formatted}} - {{price.price_range.max.with_tax.formatted}}</span>\r\n        {{#and price.price_range.min.without_tax price.price_range.max.without_tax}}\r\n            <abbr title=\"{{lang 'products.including_tax'}}\">{{lang 'products.price_with_tax' tax_label=price.price_range.min.tax_label}}</abbr>\r\n        {{/and}}\r\n        {{#if schema_org}}\r\n            <meta itemprop=\"availability\" itemtype=\"http://schema.org/ItemAvailability\"\r\n                    content=\"http://schema.org/{{#if product.pre_order}}PreOrder{{else if product.out_of_stock}}OutOfStock{{else if product.can_purchase '===' false}}OutOfStock{{else}}InStock{{/if}}\">\r\n            <meta itemprop=\"itemCondition\" itemtype=\"http://schema.org/OfferItemCondition\" content=\"http://schema.org/{{product.condition}}Condition\">\r\n            <meta itemprop=\"priceCurrency\" content=\"{{currency_selector.active_currency_code}}\">\r\n            <meta itemprop=\"url\" content=\"{{product.url}}\">\r\n            <div itemprop=\"priceSpecification\" itemscope itemtype=\"http://schema.org/PriceSpecification\">\r\n                <meta itemprop=\"minPrice\" content=\"{{price_range.min.with_tax.value}}\"  />\r\n                <meta itemprop=\"price\" content=\"{{price_range.min.with_tax.value}}\">\r\n                <meta itemprop=\"maxPrice\" content=\"{{price_range.max.with_tax.value}}\"  />\r\n                <meta itemprop=\"priceCurrency\" content=\"{{currency_selector.active_currency_code}}\">\r\n                <meta itemprop=\"valueAddedTaxIncluded\" content=\"true\">\r\n            </div>\r\n        {{/if}}\r\n    </div>\r\n{{/and}}\r\n{{#and price.price_range.min.without_tax price.price_range.max.without_tax}}\r\n    {{!-- Never display the \"non-sales price\" if there is a price range to be shown, but we do want the element on the page --}}\r\n    <div class=\"price-section price-section--withoutTax non-sale-price--withoutTax{{#if price.with_tax}} price-section--minor{{/if}} style=\"disply:block\">\r\n        {{theme_settings.pdp-non-sale-price-label}}\r\n        <span  id=\"defprice\"  data-product-non-sale-price-without-tax class=\"price price--non-sale\">\r\n            {{price.non_sale_price_without_tax.formatted}}\r\n        </span>\r\n    </div>\r\n    <div class=\"price-section price-section--withoutTax{{#and price_range.min.with_tax price_range.max.with_tax}} price-section--minor{{/and}}\" {{#if schema_org}}itemprop=\"offers\" itemscope itemtype=\"http://schema.org/Offer\"{{/if}}>\r\n        <span class=\"price-label\">{{theme_settings.pdp-price-label}}</span>\r\n        <span class=\"price-now-label\" style=\"display: none;\">{{theme_settings.pdp-sale-price-label}}</span>\r\n        <span  id=\"saleprice\"  data-product-price-without-tax class=\"price price--withoutTax\">{{price.price_range.min.without_tax.formatted}}</span>\r\n        {{#and price.price_range.min.with_tax price.price_range.max.with_tax}}\r\n            <abbr title=\"{{lang 'products.excluding_tax'}}\">{{lang 'products.price_without_tax' tax_label=price.price_range.min.tax_label}}</abbr>\r\n        {{/and}}\r\n        {{#if schema_org}}\r\n            <meta itemprop=\"availability\" itemtype=\"http://schema.org/ItemAvailability\"\r\n                    content=\"http://schema.org/{{#if product.pre_order}}PreOrder{{else if product.out_of_stock}}OutOfStock{{else if product.can_purchase '===' false}}OutOfStock{{else}}InStock{{/if}}\">\r\n            <meta itemprop=\"itemCondition\" itemtype=\"http://schema.org/OfferItemCondition\" content=\"http://schema.org/{{product.condition}}Condition\">\r\n            <meta itemprop=\"priceCurrency\" content=\"{{currency_selector.active_currency_code}}\">\r\n            <meta itemprop=\"url\" content=\"{{product.url}}\">\r\n            <div itemprop=\"priceSpecification\" itemscope itemtype=\"http://schema.org/PriceSpecification\">\r\n                <meta itemprop=\"minPrice\" content=\"{{price.price_range.min.without_tax.value}}\"  />\r\n                <meta itemprop=\"price\" content=\"{{price.price_range.min.without_tax.value}}\">\r\n                <meta itemprop=\"maxPrice\" content=\"{{price.price_range.max.without_tax.value}}\"  />\r\n                <meta itemprop=\"priceCurrency\" content=\"{{currency_selector.active_currency_code}}\">\r\n                <meta itemprop=\"valueAddedTaxIncluded\" content=\"false\">\r\n            </div>\r\n        {{/if}}\r\n    </div>\r\n{{/and}}\r\n\r\n{{!-- Never display the \"saving price\" element by default if there is a price range on the page to be shown --}}\r\n\r\n",
  "components/common/forms/text": "<div class=\"form-field\" id=\"{{id}}\" data-validation=\"{{validation}}\" {{#if private_id}}data-type=\"{{private_id}}\"{{/if}}>\r\n    <label class=\"form-label\" for=\"{{id}}_input\">{{label}}\r\n        {{#if required}}<small>{{lang 'common.required' }}</small>{{/if}}\r\n    </label>\r\n    <input type=\"text\" id=\"{{id}}_input\" data-label=\"{{label}}\" name=\"{{name}}\" {{#if value}} value=\"{{value}}\"{{/if}} {{#if placeholder}} placeholder=\"{{placeholder}}\"{{/if}} class=\"form-input\" aria-required=\"{{required}}\" {{#if private_id}}data-field-type=\"{{private_id}}\"{{/if}} {{#if maxlength}}maxlength=\"{{maxlength}}\"{{/if}}>\r\n</div>\r\n",
  "components/common/forms/multiline": "<div class=\"form-field\" id=\"{{id}}\" data-validation=\"{{validation}}\">\r\n    <label class=\"form-label\" for=\"{{id}}_input\">{{label}}\r\n        {{#if required}}\r\n            <small>{{lang 'common.required' }}</small>\r\n        {{/if}}\r\n    </label>\r\n    <textarea name=\"{{name}}\" id=\"{{id}}_input\" data-label=\"{{label}}\" rows=\"{{rows}}\" aria-required=\"{{required}}\" class=\"form-input\" {{#if private_id}}data-field-type=\"{{private_id}}\"{{/if}}>{{value}}</textarea>\r\n</div>\r\n"
}